España											
Actualizado: martes, 07 enero 2014 a las 09:00 hora oficial											
Fecha: lunes, 06 enero 2014											
											
Estación	Provincia	Temperatura máxima (ºC)	Temperatura mínima (ºC)	Temperatura media (ºC)	Racha (km/h)	Velocidad máxima (km/h)	Precipitación 00-24h (mm)	Precipitación 00-06h (mm)	Precipitación 06-12h (mm)	Precipitación 12-18h (mm)	Precipitación 18-24h (mm)
Estaca de Bares	A Coruña	15.0 (00:50)	11.7 (23:50)	13,3	122 (01:00)	82 (00:50)	10,4	7,8	2,6	0	0
As Pontes	A Coruña	13.4 (00:00)	9.6 (20:50)	11,5							
A Coruña	A Coruña	15.5 (03:50)	12.1 (23:10)	13,8	69 (02:00)	33 (14:30)	11,8	9	2,8	0	0
A Coruña Aeropuerto	A Coruña	15.4 (15:00)	11.7 (23:59)	13,5	80 (00:10)	41 (00:10)	7,8	6,1	1,7	0	0
Carballo, Depuradora	A Coruña										
Cabo Vilan	A Coruña										
Vimianzo	A Coruña	13.2 (02:40)	9.9 (19:30)	11,5			0	0	0	0	0
Fisterra	A Coruña	13.0 (02:10)	10.6 (10:10)	11,8	120 (00:10)	87 (00:40)	9,8	9,2	0,6	0	0
Mazaricos	A Coruña	12.7 (03:00)	9.1 (23:59)	10,9			43,4	33,6	8,4	1,2	0,2
Sobrado	A Coruña	11.9 (00:20)	8.3 (12:00)	10,1			48,4	21,6	26,6	0,2	0
Santiago de Compostela Aeropuerto	A Coruña	12.9 (00:00)	9.3 (23:30)	11,1	68 (00:50)	40 (00:50)	55,4	26,2	28,8	0,3	0,1
Noia	A Coruña	14.0 (04:50)	10.8 (23:59)	12,4	73 (00:20)	31 (02:00)	51,2	31	17,4	1,4	1,4
Boiro	A Coruña	14.3 (00:00)	11.5 (23:59)	12,9			65,6	35	20,2	2	8,4
Padrón	A Coruña										
Santiago de Compostela	A Coruña	14.0 (00:00)	10.5 (10:50)	12,3	53 (01:30)	13 (01:10)	80,1	39,7	30,1	6,4	3,9
Rois, Casas do Porto	A Coruña	13.7 (00:00)	10.3 (23:59)	12			103,6	47,4	43,2	4,4	8,6
Ossa de Montiel	Albacete	14.8 (14:00)	1.3 (23:59)	8,1	30 (15:40)	18 (15:30)	0	0	0	0	0
Villarrobledo	Albacete				21 (16:00)	11 (16:20)	0	0	0	0	0
Munera	Albacete	14.5 (15:10)	-1.4 (23:59)	6,6	28 (14:40)	12 (15:30)	0	0	0	0	0
Yeste, Embalse Fuensanta	Albacete							0	0	0	
Yeste	Albacete	17.1 (14:10)	3.7 (08:20)	10,4			0	0	0	0	0
Hellín	Albacete	18.4 (16:10)	5.8 (08:50)	12,1	46 (01:10)	27 (00:50)	0	0	0	0	0
Tobarra	Albacete	18.7 (16:00)	5.6 (23:59)	12,2			0	0	0	0	0
Chinchilla	Albacete	10.4 (15:50)	4.0 (07:50)	7,2	34 (02:10)	23 (02:10)	0	0	0	0	0
Albacete	Albacete	15.6 (15:50)	4.9 (23:59)	10,3	18 (13:50)	7 (13:50)	0	0	0	0	0
Alcalá del Júcar	Albacete	13.4 (17:00)	4.9 (23:59)	9,1	26 (15:10)	14 (12:30)	0	0	0	0	0
Almansa	Albacete							0	0		
Orihuela	Alacant/Alicante	19.0 (16:20)	8.1 (23:30)	13,6	28 (00:20)	19 (05:30)	0	0	0	0	0
Pinoso	Alacant/Alicante	17.8 (14:30)	3.3 (23:59)	10,5	27 (04:30)	11 (04:30)	0	0	0	0	0
Rojales	Alacant/Alicante	20.2 (15:30)	9.7 (23:59)	15	28 (05:00)	15 (05:30)	0	0	0	0	0
Villena	Alacant/Alicante	18.2 (14:40)	0.7 (23:59)	9,5	41 (00:10)	24 (00:20)	0	0	0	0	0
Novelda	Alacant/Alicante	20.8 (15:40)	9.9 (08:30)	15,3			0	0	0	0	0
Elche/Elx	Alacant/Alicante	21.5 (15:40)	9.7 (23:20)	15,6			0	0	0	0	0
Alicante/Alacant Aeropuerto	Alacant/Alicante	19.6 (14:20)	7.6 (23:50)	13,6	59 (00:40)	36 (00:40)	0	0	0	0	0
Alicante/Alacant	Alacant/Alicante	21.4 (13:30)	7.4 (08:50)	14,4	28 (16:00)	18 (16:00)	0	0	0	0	0
Jávea/ Xàbia	Alacant/Alicante	18.7 (13:40)	6.1 (08:00)	12,4	18 (02:30)	10 (06:00)	0	0	0	0	0
Pego	Alacant/Alicante	19.3 (16:40)	9.2 (23:50)	14,2	43 (00:10)	26 (02:10)	0	0	0	0	0
Alcoy/Alcoi	Alacant/Alicante	20.9 (13:00)	8.0 (03:40)	14,4	33 (15:30)	18 (15:30)	0	0	0	0	0
Vélez Blanco	Almería	13.4 (16:20)	1.2 (06:30)	7,3			0	0	0	0	0
Adra	Almería	18.1 (12:10)	11.6 (07:10)	14,9	24 (15:50)	15 (15:30)	0	0	0	0	0
El Ejido	Almería	20.3 (11:10)	9.4 (07:00)	14,8			0	0	0	0	0
Roquetas de Mar	Almería	17.3 (14:40)	5.6 (07:40)	11,4	31 (15:30)	20 (13:50)	0	0	0	0	0
Abla	Almería	20.1 (13:10)	6.8 (07:00)	13,5	22 (21:30)	10 (21:20)	0	0	0	0	0
Láujar de Andarax	Almería	15.4 (16:40)	7.7 (05:50)	11,5	26 (15:30)	17 (14:00)	0	0	0	0	0
Almería Aeropuerto	Almería	17.2 (14:20)	9.6 (04:40)	13,4	32 (06:30)	22 (06:30)	0	0	0	0	0
Cabo de Gata	Almería	17.9 (14:00)	11.7 (08:30)	14,8	33 (04:30)	25 (04:30)	0	0	0	0	0
Garrucha, Puerto	Almería	16.7 (11:10)	8.8 (04:10)	12,8	21 (16:20)	18 (13:30)		0		0	0
Albox	Almería	23.6 (14:30)	6.4 (05:20)	15	40 (16:00)	29 (16:00)	0	0	0	0	0
Huercal Overa	Almería	21.0 (16:10)	5.4 (07:40)	13,2	17 (15:10)	8 (14:50)	0	0	0	0	0
Alborán	Almería										
Aramaio	Araba/Álava	13.0 (14:20)	10.0 (09:30)	11,5			0	0	0	0	0
Amurrio	Araba/Álava	17.1 (13:10)	14.2 (07:30)	15,7	54 (01:10)	25 (00:30)	0	0	0	0	0
Lalastra	Araba/Álava	9.6 (19:20)	7.4 (07:40)	8,5	86 (01:30)	44 (01:40)	0,2	0	0	0,2	0
Opakua	Araba/Álava	14.4 (14:20)	8.7 (08:40)	11,5	60 (01:40)	31 (15:20)	0	0	0	0	0
Vitoria Gasteiz Aeropuerto	Araba/Álava	15.7 (13:30)	10.7 (08:40)	13,2	61 (01:50)	35 (01:50)	0	0	0	0	0
Labastida	Araba/Álava	11.3 (16:50)	5.5 (05:10)	8,4	41 (00:50)	17 (00:50)	0	0	0	0	0
Leza	Araba/Álava	10.8 (19:20)	4.4 (09:20)	7,6			0	0	0	0	0
Campezo/Kanpezu	Araba/Álava	10.6 (00:00)	4.4 (04:30)	7,5			0	0	0	0	0
Cabrales	Asturias	17.9 (00:10)	9.8 (23:59)	13,8	116 (12:00)	72 (09:50)	0	0	0	0	0
Llanes	Asturias	16.7 (11:40)	13.3 (21:50)	15	31 (00:20)	21 (18:30)	0,2	0,2	0	0	0
Amieva, Panizales	Asturias	17.5 (13:50)	10.6 (21:00)	14,1	85 (07:50)	45 (08:50)	0	0	0	0	0
Piloña	Asturias	20.1 (14:30)	8.2 (23:59)	14,2	69 (05:20)	34 (06:20)	0	0	0	0	0
Colunga	Asturias	20.5 (00:20)	8.9 (23:30)	14,7	64 (07:40)	32 (06:40)	0	0	0	0	0
Gijón, Campus	Asturias	19.3 (00:40)	7.0 (23:59)	13,1	59 (04:30)	26 (04:30)	0,2	0	0	0,2	0
Cabo Peñas	Asturias	17.7 (00:20)	11.5 (23:20)	14,6	67 (15:40)	35 (15:40)	0,7	0,2	0,3	0,2	0
Asturias Aeropuerto	Asturias	18.4 (01:50)	9.9 (23:59)	14,1	46 (14:50)	33 (15:10)	0,1	0	0	0,1	0
Puerto de Pajares	Asturias	5.1 (16:50)	2.8 (04:30)	3,9	82 (05:20)	48 (04:50)	13,7	0	6,1	7,6	0
Pola de Lena	Asturias	17.9 (14:40)	13.1 (19:40)	15,5	55 (03:00)	33 (02:50)	0	0	0	0	0
Aller	Asturias	13.7 (16:10)	9.9 (22:40)	11,8	49 (04:00)	15 (08:40)	0,4	0	0,4	0	0
Mieres	Asturias	20.7 (14:20)	7.2 (23:59)	14	61 (08:00)	16 (06:20)	0	0	0	0	0
Oviedo	Asturias	18.5 (12:20)	8.9 (23:10)	13,7	58 (05:20)	21 (05:10)	0	0	0	0	0
Tineo, Soto de la Barca	Asturias	17.5 (12:10)	6.9 (23:50)	12,2	41 (15:20)	15 (05:10)	1,2	0	0	1,2	0
Pola de Somiedo	Asturias	13.7 (00:30)	10.8 (06:30)	12,3	75 (02:30)	30 (02:30)	8,2	1,2	6	1	0
Salas	Asturias	17.9 (00:00)	9.1 (23:59)	13,5	53 (06:10)	28 (06:10)	0,2	0	0	0,2	0
Cabo Busto	Asturias	19.3 (00:10)	13.6 (14:10)	16,4			0,4	0	0,2	0,2	0
Degaña	Asturias	6.5 (14:20)	4.8 (06:20)	5,7	58 (07:30)	17 (06:40)	26	2,2	18	5,8	0
Ibias, San Antolin	Asturias	12.2 (09:40)	7.9 (17:50)	10	93 (00:40)	48 (07:50)	15,4	2,2	4	9,2	0
Villayón, Oneta	Asturias	15.1 (00:10)	11.0 (14:30)	13,1	105 (01:30)	46 (00:40)	4,4	0,8	2,6	1	0
Figueras de Castropol	Asturias	17.4 (00:10)	13.3 (10:30)	15,3	97 (00:40)	55 (01:20)	3	0,4	2,6	0	0
Taramundi, Ouria	Asturias	14.9 (00:10)	10.5 (13:20)	12,7	131 (00:40)	82 (00:50)	10,2	2,4	7	0,8	0
Puerto de Leitariegos	Asturias	5.4 (13:40)	3.4 (06:50)	4,4	113 (00:40)	60 (00:50)	14	0,4	8,8	4,8	0
Muñotello	Ávila	10.3 (15:20)	3.0 (06:40)	6,7	31 (12:10)	19 (11:50)					
Ávila	Ávila	9.4 (13:10)	4.6 (01:50)	7	37 (06:40)	22 (23:50)	0	0	0	0	0
Gotarrendura	Ávila	10.8 (15:20)	3.7 (05:20)	7,3	39 (23:30)	24 (18:50)	0	0	0	0	0
Arevalo	Ávila	12.6 (15:20)	3.0 (07:20)	7,8	40 (13:30)	23 (13:20)		0	0		0
Rivilla de Barajas	Ávila	11.8 (15:10)	4.2 (09:20)	8	52 (12:30)	29 (12:30)	0	0	0	0	0
Navarredonda de Gredos	Ávila	9.5 (13:50)	0.2 (00:00)	4,9	35 (21:50)	16 (22:20)	0	0	0	0	0
Barco de Avila	Ávila	9.1 (12:10)	4.6 (03:30)	6,9	64 (08:00)	39 (07:40)	0	0	0	0	0
Puerto El Pico	Ávila	4.9 (22:10)	3.4 (10:20)	4,2	53 (10:40)	30 (12:30)	2,2	0,4	0,4	0	1,4
Cebreros	Ávila	10.4 (12:40)	5.9 (01:10)	8,1	20 (12:20)	13 (15:10)	0	0	0	0	0
Sotillo de la Adrada	Ávila				28 (11:50)	10 (13:30)	1,1	1	0,1	0	0
Candeleda	Ávila	13.1 (14:20)	7.5 (09:00)	10,3	24 (15:20)	17 (15:20)	0,6	0,2	0	0	0,4
Herrera del Duque	Badajoz	14.5 (14:40)	3.4 (07:30)	9	21 (16:10)	12 (16:10)	11,6	0,4	0,2	0	11
Peraleda del Zaucejo	Badajoz	13.5 (16:20)	0.5 (08:50)	7	35 (15:40)	17 (14:50)	0	0	0	0	0
Castuera	Badajoz				34 (03:20)	23 (03:20)	0	0	0	0	0
Navalvillar de Pela	Badajoz	15.1 (15:30)	6.0 (03:10)	10,6	26 (15:10)	15 (22:50)	0	0	0	0	0
Don Benito	Badajoz	15.0 (14:50)	4.9 (06:00)	10	23 (15:00)	12 (15:00)	0	0	0	0	0
Llerena	Badajoz										
Villafranca de los Barros	Badajoz	13.8 (16:50)	4.7 (04:50)	9,3	32 (16:50)	23 (16:50)	0	0	0	0	0
Mérida	Badajoz	15.4 (16:10)	6.8 (05:50)	11,1	39 (16:50)	14 (14:50)	0	0	0	0	0
Zafra	Badajoz	13.4 (15:10)	3.9 (05:30)	8,6	40 (22:10)	23 (20:40)	0	0	0	0	0
Almendralejo	Badajoz	14.3 (16:40)	5.7 (04:00)	10	32 (16:10)	22 (16:10)	0	0	0	0	0
Badajoz Aeropuerto	Badajoz	16.7 (14:50)	7.8 (06:50)	12,3	33 (13:30)	21 (15:20)	0	0	0	0	0
Alburquerque	Badajoz	15.2 (14:00)	8.6 (07:30)	11,9	36 (14:50)	19 (15:10)	0	0	0	0	0
Puebla de Obando	Badajoz	13.3 (15:10)	7.4 (07:40)	10,4	37 (18:20)	25 (18:20)	0	0	0	0	0
Badajoz	Badajoz	16.0 (15:00)	7.5 (02:00)	11,8	39 (13:10)	20 (15:40)	0	0	0	0	0
Olivenza	Badajoz				43 (13:30)	27 (16:00)	0	0	0	0	0
Alconchel	Badajoz	15.2 (15:40)	9.4 (04:50)	12,3	35 (14:00)	25 (22:30)	0	0	0	0	0
Barcarrota	Badajoz	14.5 (15:50)	8.7 (02:40)	11,6	35 (22:30)	14 (15:40)	0	0	0	0	0
Villanueva del Fresno	Badajoz	14.7 (16:00)	8.9 (06:20)	11,8	32 (22:20)	22 (14:30)	0	0	0	0	0
Monesterio	Badajoz	11.2 (12:20)	3.6 (08:00)	7,4	36 (23:10)	20 (03:20)	0	0	0	0	0
Fuente de Cantos	Badajoz	12.3 (15:40)	3.7 (07:30)	8	35 (13:20)	24 (03:10)	0	0	0	0	0
Jerez de los Caballeros	Badajoz	15.1 (16:00)	5.8 (05:50)	10,5	41 (14:10)	29 (14:10)	0,2	0,2	0	0	0
Fregenal de la Sierra	Badajoz	12.3 (14:10)	4.1 (04:30)	8,2	24 (13:10)	14 (22:40)	0	0	0	0	0
Azuaga	Badajoz	15.0 (15:50)	2.7 (07:30)	8,9			0	0	0	0	0
Pontons	Barcelona	16.9 (14:10)	8.4 (08:30)	12,6	55 (03:20)	29 (03:20)	0	0	0	0	0
Vilafranca del Penedès	Barcelona	17.3 (14:10)	5.0 (08:30)	11,1	15 (15:00)	10 (16:30)	0	0	0	0	0
Sitges	Barcelona	16.0 (14:20)	7.6 (08:40)	11,8	20 (03:40)	9 (15:50)	0	0	0	0	0
Barcelona Aeropuerto	Barcelona	16.0 (12:40)	8.9 (05:20)	12,4	32 (00:40)	23 (05:00)	0	0	0	0	0
Berga	Barcelona	11.6 (15:50)	1.7 (05:00)	6,7	17 (03:50)	9 (03:50)	0	0	0	0	0
Balsareny	Barcelona	14.8 (15:10)	0.2 (06:10)	7,5	21 (18:00)	13 (17:00)	0	0	0	0	0
Prat de Lluçanès	Barcelona	12.8 (16:00)	0.3 (05:10)	6,6	16 (16:20)	8 (16:20)	0	0	0	0	0
Moià	Barcelona	13.3 (13:50)	4.5 (03:20)	8,9	23 (14:10)	14 (12:00)	0	0	0	0	0
Manresa	Barcelona	15.0 (16:20)	2.3 (08:10)	8,6	27 (17:10)	14 (01:20)	0	0	0	0	0
Monistrol de Montserrat	Barcelona	13.8 (13:10)	3.7 (01:50)	8,8			0	0	0	0	0
Igualada	Barcelona	15.6 (14:00)	8.1 (08:30)	11,9	24 (16:40)	8 (11:30)	0	0	0	0	0
Corbera, Pic d'Agulles	Barcelona	17.5 (14:30)	6.9 (00:00)	12,2			0	0	0	0	0
Barcelona	Barcelona	17.3 (13:00)	11.6 (08:40)	14,4	30 (02:50)	20 (13:30)	0	0	0	0	0
Barcelona, Museo Marítimo	Barcelona										
Caldes de Montbui	Barcelona	18.8 (14:50)	4.2 (08:10)	11,5	20 (14:50)	11 (14:50)	0	0	0	0	0
Sabadell Aeropuerto	Barcelona	18.1 (14:00)	5.5 (00:50)	11,8	27 (21:00)	18 (12:50)	0	0	0	0	0
Vilassar de Dalt	Barcelona	17.9 (13:20)	8.2 (07:00)	13	28 (13:50)	15 (14:20)	0	0	0	0	0
Arenys de Mar	Barcelona	16.1 (13:40)	6.8 (01:10)	11,5	26 (14:40)	13 (14:40)	0	0	0	0	0
Santa Susana	Barcelona	15.2 (14:50)	3.3 (05:20)	9,2			0	0	0	0	0
Fogars de Montclús	Barcelona	17.0 (13:50)	8.6 (00:50)	12,8			0	0	0	0	0
Lekeitio	Bizkaia	17.6 (14:50)	11.9 (22:30)	14,8	67 (12:40)	37 (07:50)	0,1	0,1	0	0	0
Forua	Bizkaia	17.9 (14:20)	11.4 (23:20)	14,6	70 (14:30)	39 (07:00)	0,2	0,2	0	0	0
Machichaco	Bizkaia				80 (05:50)	43 (07:50)	0,6	0,6	0	0	0
Punta Galea	Bizkaia	17.4 (14:50)	12.6 (20:10)	15	76 (03:30)	28 (14:20)	0	0	0	0	0
Orozko	Bizkaia	17.0 (13:20)	13.6 (09:30)	15,3	76 (00:20)	40 (00:20)	0	0	0	0	0
Abadiño	Bizkaia	11.2 (16:20)	8.9 (08:30)	10			0	0	0	0	0
Amorebieta--Etxano	Bizkaia	18.3 (15:40)	14.9 (08:20)	16,6	69 (10:30)	29 (09:50)	0	0	0	0	0
Balmaseda	Bizkaia	16.0 (13:30)	14.2 (07:00)	15,1			0	0	0	0	0
Güeñes	Bizkaia	16.5 (14:00)	14.3 (05:40)	15,4	75 (12:50)	31 (00:50)	0,2	0	0	0,2	0
Bilbao Aeropuerto	Bizkaia	18.8 (15:00)	16.5 (23:30)	17,6	67 (03:20)	37 (05:00)	0,4	0,4	0	0	0
Coruña del Conde	Burgos	10.2 (16:00)	4.9 (08:40)	7,5	25 (13:50)	17 (22:50)	0	0	0	0	0
Aranda de Duero	Burgos	12.5 (15:40)	4.2 (09:10)	8,3	37 (12:20)	22 (12:20)	0	0	0	0	0
Pedrosa del Príncipe	Burgos										
Palacios de la Sierra	Burgos	8.6 (16:10)	5.1 (07:50)	6,9	30 (13:30)	16 (13:30)					
Monterrubio de la Demanda	Burgos	7.4 (21:40)	4.8 (08:30)	6,1	36 (13:00)	25 (13:10)	1,2	0,8	0	0,2	0,2
Villamayor de los Montes	Burgos	9.7 (16:50)	6.3 (08:00)	8	48 (12:20)	33 (14:50)	0,2	0	0	0,2	0
Burgos Aeropuerto	Burgos	10.1 (13:20)	6.9 (08:00)	8,5			0,4	0	0	0,4	0
Santa Gadea de Alfoz	Burgos	8.7 (18:00)	7.0 (12:00)	7,8			0,4	0	0	0,4	0
Sargentes de la Lora	Burgos	7.9 (17:50)	5.6 (08:30)	6,8	63 (04:20)	37 (02:20)	0,4	0	0	0,4	0
Briviesca	Burgos	11.8 (15:00)	8.6 (09:00)	10,2	52 (14:10)	36 (14:10)	0	0	0	0	0
Medina de Pomar	Burgos	13.0 (16:40)	10.7 (04:00)	11,8	67 (06:30)	32 (06:40)	0	0	0	0	0
Belorado	Burgos	12.0 (16:20)	8.4 (08:50)	10,2	56 (14:30)	19 (05:30)					
Madrigal de la Vera	Cáceres	12.3 (14:30)	8.1 (03:30)	10,2	16 (08:00)	8 (13:30)	1	0	0,2	0	0,8
Navalmoral de la Mata	Cáceres	14.0 (13:30)	6.1 (03:50)	10	16 (20:40)	10 (21:10)	1,2	0	0	0,4	0,8
Garganta de la Olla	Cáceres	8.8 (14:40)	6.9 (08:30)	7,9	14 (21:10)	8 (21:10)	0,2	0,2	0	0	0
Serradilla	Cáceres	12.5 (13:30)	7.4 (06:10)	10	26 (16:00)	14 (14:00)	1,6	0	0	0	1,6
Jaraicejo	Cáceres	12.1 (13:10)	6.8 (08:40)	9,5	32 (13:30)	22 (15:30)	0	0	0	0	0
Trujillo	Cáceres										
Cáceres	Cáceres	13.3 (14:10)	8.7 (07:50)	11	50 (16:20)	34 (15:40)	0	0	0	0	0
Cañaveral	Cáceres	12.3 (15:20)	8.6 (03:10)	10,5	27 (05:40)	17 (14:30)	3	0	0	0	3
Nuñomoral	Cáceres	10.4 (15:30)	8.2 (10:20)	9,3	35 (05:50)	13 (01:20)	10	0,6	2	1,2	6,2
Guijo de Granadilla	Cáceres	11.2 (14:00)	8.4 (08:20)	9,8	39 (21:10)	24 (21:40)	1,2	0	0	0	1,2
Hervás	Cáceres	11.5 (20:20)	8.3 (07:30)	9,9	53 (21:40)	33 (09:20)	0	0	0	0	0
Montehermoso	Cáceres	11.2 (14:00)	8.7 (00:00)	9,9	24 (06:00)	14 (20:40)	0	0	0	0	0
Tornavacas	Cáceres	6.5 (00:00)	5.2 (09:40)	5,8	32 (06:40)	22 (06:40)	0	0	0	0	0
Plasencia	Cáceres	10.7 (14:00)	7.6 (07:40)	9,1	25 (08:30)	10 (21:00)	2,9	0	0	0,5	2,4
Coria	Cáceres	12.1 (14:40)	9.2 (00:00)	10,7	28 (22:10)	20 (22:20)	3,4	0	0	0,4	3
Torrecilla de los Angeles	Cáceres	9.9 (16:20)	8.4 (08:10)	9,1	23 (06:20)	13 (11:20)	0	0	0	0	0
Hoyos	Cáceres	9.5 (23:59)	8.0 (00:00)	8,8	30 (06:40)	17 (06:20)	0	0	0	0	0
Zarza La Mayor	Cáceres	12.5 (16:40)	9.0 (01:30)	10,8	39 (04:30)	26 (04:40)	1,8	0,2	0	0	1,6
Valverde del Fresno	Cáceres	10.6 (23:10)	8.7 (00:00)	9,7	33 (08:40)	18 (08:40)	19	0,2	1,4	10	7,4
Aliseda	Cáceres	13.6 (15:40)	9.9 (04:40)	11,8				0		0	0
Brozas	Cáceres	12.4 (15:30)	8.0 (00:40)	10,2	46 (14:10)	36 (14:10)	0,6	0	0	0	0,6
Valencia de Alcántara	Cáceres										
Guadalupe	Cáceres	11.6 (14:20)	5.9 (06:30)	8,8	16 (14:30)	9 (13:40)					0
Cañamero	Cáceres	11.6 (14:40)	5.0 (07:20)	8,3	20 (15:00)	12 (15:40)	0	0	0	0	0
Zorita	Cáceres	13.3 (16:30)	7.6 (03:40)	10,5	22 (03:20)	17 (03:10)	0	0	0	0	0
Alcuescar	Cáceres	12.7 (15:20)	6.4 (08:30)	9,5	30 (16:30)	21 (16:20)	0	0	0	0	0
Chipiona	Cádiz	17.4 (15:40)	6.7 (09:00)	12	15 (04:20)	9 (04:20)	0	0	0	0	0
Grazalema	Cádiz	13.3 (13:40)	3.8 (20:00)	8,6	27 (03:30)	10 (02:20)	0	0	0	0	0
Olvera	Cádiz	16.7 (14:40)	7.0 (07:40)	11,9	19 (15:40)	13 (15:30)	0	0	0	0	0
El Bosque	Cádiz	16.7 (13:40)	4.3 (08:10)	10,5	19 (22:40)	12 (18:20)	0	0	0	0	0
San José del Valle	Cádiz	16.8 (16:40)	6.1 (08:50)	11,4	16 (15:40)	8 (15:20)	0	0	0	0	0
Jerez de la Frontera Aeropuerto	Cádiz	17.5 (16:00)	3.7 (08:30)	10,6	26 (06:20)	13 (03:40)	0	0	0	0	0
San Fernando	Cádiz	16.8 (16:40)	7.7 (08:00)	12,2	16 (07:40)	9 (15:20)	0	0	0	0	0
Cádiz	Cádiz	16.7 (17:30)	8.5 (06:00)	12,6	23 (03:50)	18 (03:30)	0	0	0	0	0
Medina Sidonia	Cádiz	17.3 (16:20)	3.5 (08:40)	10,4	20 (15:40)	10 (13:30)	0	0	0	0	0
Vejer de la Frontera	Cádiz	17.0 (14:40)	9.3 (06:10)	13,2	22 (04:10)	15 (04:10)	0	0	0	0	0
Barbate	Cádiz	20.2 (16:30)	5.5 (07:50)	12,9	16 (08:50)	12 (14:20)	0	0	0	0	0
Tarifa	Cádiz	18.6 (13:50)	8.8 (07:20)	13,7	29 (12:20)	21 (12:20)	0	0	0	0	0
Jimena de la Frontera	Cádiz	20.6 (15:10)	2.3 (08:10)	11,5	24 (15:20)	17 (15:20)	0	0	0	0	0
San Roque	Cádiz	21.0 (14:50)	6.4 (08:00)	13,7	29 (19:50)	20 (19:50)					
Barcena de Cicero, Treto	Cantabria	19.6 (00:50)	11.4 (23:59)	15,5	52 (02:00)	28 (14:50)	0	0	0	0	0
Soba, Alto Miera	Cantabria	12.7 (07:10)	10.5 (11:30)	11,6	85 (15:20)	40 (13:10)	0	0	0	0	0
Santander Aeropuerto	Cantabria								0	0	0
Santander	Cantabria	17.6 (14:00)	12.6 (21:20)	15,1	86 (08:10)	54 (01:30)	0	0	0	0	0
Villacarriedo	Cantabria	16.1 (15:10)	14.2 (03:20)	15,2	94 (07:40)	61 (07:50)	1,8	0,8	1	0	0
Los Tojos, Bárcena Mayor	Cantabria	18.2 (14:00)	9.5 (23:20)	13,9	62 (05:50)	29 (06:20)	0	0	0	0	0
Torrelavega, Sierrapando	Cantabria	18.9 (14:30)	11.1 (23:50)	15	79 (10:20)	47 (10:20)	0	0	0	0	0
San Vicente de la Barquera	Cantabria	19.6 (11:50)	11.8 (23:59)	15,7	51 (08:10)	19 (12:40)	1	1	0	0	0
Camaleño, Fuente De	Cantabria	10.2 (00:00)	7.9 (08:00)	9	51 (11:00)	19 (00:10)	1,2	0	0	1,2	0
Cillórigo de Liébana, Tama	Cantabria	19.0 (14:30)	13.2 (23:10)	16,1	47 (09:50)	20 (09:50)	0	0	0	0	0
Tresviso	Cantabria	14.8 (14:30)	7.5 (23:50)	11,2	45 (02:50)	30 (02:50)	0	0	0	0	0
Santillana del Mar, Altamira	Cantabria	17.6 (12:30)	10.8 (23:59)	14,2	72 (11:10)	47 (11:10)	0,2	0,2	0	0	0
Reinosa	Cantabria	9.4 (21:40)	7.1 (08:50)	8,2	98 (00:40)	65 (00:30)	0,4	0	0	0,4	0
Valderredible, Cubillo de Ebro	Cantabria	10.2 (16:50)	8.4 (03:10)	9,3	58 (01:00)	30 (00:40)	0,4	0	0	0,4	0
Valderredible, Polientes	Cantabria	11.0 (15:10)	8.5 (06:10)	9,8	55 (14:40)	26 (14:30)	0,1	0	0	0,1	0
Segorbe	Castelló/Castellón	20.8 (14:20)	4.5 (22:30)	12,6	22 (15:30)	12 (08:00)	0	0	0	0	0
Montanejos	Castelló/Castellón	18.5 (14:10)	4.6 (09:00)	11,5	24 (14:40)	18 (14:40)	0	0	0	0	0
Villafranca del Cid/Villafranca	Castelló/Castellón	14.7 (16:00)	0.9 (08:30)	7,8	29 (00:10)	13 (00:10)	0	0	0	0	0
Atzeneta del Maestrat	Castelló/Castellón	18.4 (15:30)	3.8 (08:30)	11,1	16 (17:10)	9 (16:20)	0	0	0	0	0
Castellón de la Plana, Almazora	Castelló/Castellón	16.6 (12:50)	8.6 (09:00)	12,6	17 (14:30)	12 (10:10)	0	0	0	0	0
Torreblanca	Castelló/Castellón	18.1 (12:20)	10.1 (07:30)	14,1	23 (22:10)	17 (22:00)	0	0	0	0	0
La Pobla de Benifassà-Fredes	Castelló/Castellón	12.7 (16:40)	5.5 (05:00)	9,1	60 (00:40)	32 (00:40)	0	0	0	0	0
Vinaròs	Castelló/Castellón	17.5 (14:20)	5.8 (22:30)	11,7	19 (06:50)	12 (06:50)	0	0	0	0	0
Ceuta	Ceuta	19.9 (14:20)	12.0 (08:20)	15,9	31 (17:00)	12 (13:00)	0	0	0	0	0
Alcazar de San Juan	Ciudad Real	11.9 (16:00)	2.8 (08:30)	7,3	17 (16:00)	9 (17:20)	0	0	0	0	0
Tomelloso	Ciudad Real										
Ciudad Real	Ciudad Real	13.7 (15:10)	1.1 (09:00)	7,4	21 (16:50)	10 (17:10)	0	0	0	0	0
Villanueva de los Infantes	Ciudad Real	14.0 (15:30)	1.8 (08:30)	7,9	27 (15:50)	20 (17:10)	0	0	0	0	0
Valdepeñas	Ciudad Real	15.7 (15:50)	2.1 (09:10)	8,9	27 (14:50)	14 (15:30)	0	0	0	0	0
Viso del Marqués	Ciudad Real	15.8 (14:10)	3.1 (07:40)	9,5	33 (14:00)	23 (13:50)	0	0	0	0	0
Abenójar	Ciudad Real	11.7 (16:00)	2.4 (08:20)	7	26 (15:20)	14 (15:10)	0	0	0	0	0
Puebla de Don Rodrigo	Ciudad Real	13.6 (16:20)	0.8 (07:10)	7,2	18 (15:10)	9 (15:10)	0	0	0	0	0
Almadén	Ciudad Real	14.9 (16:50)	3.8 (08:50)	9,3	18 (15:40)	9 (16:20)	0	0	0	0	0
Puertollano	Ciudad Real	15.1 (14:50)	1.1 (09:20)	8,1	22 (15:10)	11 (00:40)	0	0	0	0	0
Fuencaliente	Ciudad Real	16.2 (15:00)	0.7 (08:40)	8,5	22 (13:40)	11 (14:30)	0,2	0	0,2	0	0
Valsequillo	Córdoba	13.4 (16:20)	0.8 (09:00)	7,1	20 (14:40)	13 (14:40)	0	0	0	0	0
Cardeña	Córdoba							0	0		
Montoro	Córdoba	17.6 (16:20)	2.7 (08:20)	10,2	20 (11:20)	9 (11:20)	0	0	0	0	0
Villanueva de Córdoba	Córdoba	14.0 (14:40)	3.8 (07:10)	8,9	23 (13:10)	12 (23:59)	0	0	0	0	0
Córdoba	Córdoba	15.5 (15:40)	1.7 (08:40)	8,6	16 (15:50)	10 (15:50)	0,2	0	0,2	0	0
Córdoba Aeropuerto	Córdoba	17.2 (16:00)	4.5 (08:50)	10,9	24 (05:40)	18 (05:40)	0	0	0	0	0
Priego de Cordoba	Córdoba	19.3 (14:50)	1.0 (05:40)	10,1	27 (15:10)	17 (15:10)	0	0	0	0	0
Doña Mencía	Córdoba	16.5 (15:00)	6.2 (04:20)	11,3			0	0	0	0	0
Córdoba, Prágdena	Córdoba	15.5 (16:50)	3.7 (07:50)	9,6	22 (10:30)	16 (10:30)	0	0	0	0	0
Espiel	Córdoba	15.5 (15:00)	2.4 (00:40)	9	13 (15:30)	8 (15:30)	0,2	0	0,2	0	0
Fuente Palmera	Córdoba	16.9 (16:20)	4.5 (08:30)	10,7	20 (12:20)	13 (11:50)	0	0	0	0	0
Benamejí	Córdoba	16.9 (15:00)	4.4 (07:50)	10,6	22 (10:40)	18 (10:40)	0	0	0	0	0
Aguilar de la Frontera	Córdoba	16.6 (14:40)	2.9 (08:00)	9,8	23 (16:00)	16 (21:50)	0	0	0	0	0
La Rambla	Córdoba	16.2 (16:20)	3.7 (08:00)	10	22 (02:10)	18 (02:10)	0	0	0	0	0
Beteta	Cuenca									0	0
Tarancón	Cuenca	11.9 (15:50)	4.0 (07:30)	7,9	19 (14:50)	11 (11:40)	0	0	0	0	0
Alcázar del Rey	Cuenca	10.4 (16:10)	3.1 (07:10)	6,7	18 (14:10)	10 (00:30)	0	0	0	0	0
Abia de Obispalia	Cuenca							0,4	0		
Villares del Saz	Cuenca	10.0 (15:40)	1.9 (08:30)	5,9			0	0	0	0	0
Alberca de Zancara	Cuenca	10.2 (16:00)	2.2 (08:40)	6,2	20 (17:10)	10 (16:40)					
Osa de la Vega	Cuenca	10.7 (16:10)	2.4 (23:59)	6,5	19 (15:00)	11 (15:00)	0,2	0	0,2	0	0
Belmonte	Cuenca	12.2 (14:50)	2.1 (08:50)	7,1	14 (16:30)	7 (16:30)	0,2	0	0,2	0	0
Cuenca	Cuenca	11.0 (15:20)	2.9 (23:59)	7	14 (13:30)	8 (17:00)	0,2	0,2	0	0	0
Motilla del Palancar	Cuenca	10.6 (16:10)	2.1 (23:30)	6,4	27 (13:10)	16 (13:10)	0	0	0	0	0
Salvacañete	Cuenca	12.5 (15:50)	-1.1 (05:00)	5,7	33 (15:20)	21 (15:20)	0	0	0	0	0
Mira	Cuenca	13.9 (15:20)	-0.8 (23:59)	6,5			0,2	0	0,2	0	0
Irún	Gipuzkoa	17.4 (16:40)	14.8 (03:40)	16,1	54 (17:40)	28 (15:30)	0,8	0,8	0	0	0
San Sebastián Aeropuerto	Gipuzkoa	18.2 (16:10)	13.6 (00:00)	15,9	63 (09:10)	46 (11:20)	0,4	0,2	0,2	0	0
Renteria	Gipuzkoa	16.7 (01:10)	14.0 (09:10)	15,4	71 (13:40)	45 (13:40)	0	0	0	0	0
Beasain	Gipuzkoa	16.9 (16:20)	11.7 (00:50)	14,3	45 (08:20)	23 (08:20)	0	0	0	0	0
Ordizia	Gipuzkoa	16.6 (16:30)	12.2 (06:00)	14,4	57 (10:40)	36 (10:30)	0	0	0	0	0
Zarautz	Gipuzkoa	18.1 (16:00)	14.6 (22:10)	16,4			0,4	0,4	0	0	0
Legazpia	Gipuzkoa	15.4 (14:40)	12.6 (08:20)	14			0	0	0	0	0
Zumarraga	Gipuzkoa	14.4 (15:50)	11.4 (06:20)	12,9	58 (00:30)	13 (21:20)	0	0	0	0	0
Azpeitia	Gipuzkoa	17.3 (16:10)	13.2 (09:10)	15,2	45 (16:10)	15 (11:40)	1,2	1,2	0	0	0
Zumaia	Gipuzkoa	17.9 (14:30)	15.7 (22:00)	16,8	106 (07:40)	68 (08:20)	0	0	0	0	0
Aretxabaleta	Gipuzkoa	16.0 (13:50)	11.8 (04:30)	13,9			0,2	0,2	0	0	0
Elgeta	Gipuzkoa	14.6 (15:40)	12.1 (08:30)	13,4	71 (04:10)	21 (07:20)	0	0	0	0	0
Elgoibar	Gipuzkoa	17.0 (14:50)	14.1 (05:30)	15,6	72 (00:30)	34 (06:50)	0,5	0,4	0,1	0	0
Mutriku	Gipuzkoa	17.2 (14:40)	15.0 (03:50)	16,1	77 (13:40)	44 (06:40)	0	0	0	0	0
Blanes	Girona	16.6 (13:40)	8.7 (04:30)	12,7	35 (20:00)	24 (20:00)	0	0	0	0	0
Castell, Platja d'Aro	Girona	15.0 (12:50)	4.5 (05:30)	9,8	29 (15:10)	19 (14:20)	0	0	0	0	0
Sant Pau de Segúries	Girona	13.4 (15:30)	-0.4 (08:00)	6,5	32 (15:40)	17 (15:40)	0	0	0	0	0
Planoles	Girona	16.7 (15:20)	3.5 (00:00)	10,1	22 (13:50)	14 (04:40)	0	0	0	0	0
Ripoll	Girona	13.2 (15:00)	-0.1 (05:40)	6,5	21 (14:30)	11 (14:50)	0	0	0	0	0
Les Planes d´Hostoles	Girona	17.0 (13:40)	0.7 (08:00)	8,8	15 (13:50)	7 (14:30)	0	0	0	0	0
Sant Hilari	Girona	16.9 (14:10)	6.1 (00:00)	11,5	48 (03:40)	29 (03:40)	0	0	0	0	0
Girona Aeropuerto	Girona	16.0 (13:30)	2.2 (08:20)	9,1	22 (13:10)	15 (13:10)	0	0	0	0	0
Girona	Girona							0			
Porqueres	Girona	14.9 (15:30)	2.8 (07:20)	8,8	17 (14:50)	10 (16:30)	0	0	0	0	0
L´Estartit	Girona	14.3 (16:50)	6.5 (09:10)	10,4	21 (17:50)	15 (15:40)	0	0	0	0	0
La Vall de Bianya	Girona	14.7 (14:00)	1.2 (08:00)	7,9	19 (15:20)	10 (14:50)	0	0	0	0	0
Castello d´Empuries	Girona	13.5 (13:10)	4.1 (08:30)	8,8	13 (13:40)	7 (13:40)	0	0	0	0	0
Espolla	Girona	15.1 (12:00)	5.8 (08:00)	10,5	18 (18:40)	11 (12:40)	0	0	0	0	0
Figueres	Girona	13.5 (14:20)	5.9 (07:20)	9,7				0		0	0
La Molina	Girona	10.0 (11:30)	2.9 (23:59)	6,5	32 (10:10)	13 (11:10)	0,2	0,2	0	0	0
Baza	Granada	16.4 (16:40)	-1.8 (07:40)	7,3	30 (14:50)	18 (14:50)	0	0	0	0	0
Granada-Cartuja	Granada	19.7 (17:10)	2.5 (07:30)	11,1	13 (09:40)	5 (19:50)	0	0	0	0	0
Granada Aeropuerto	Granada	18.8 (17:00)	-1.1 (08:40)	8,8	11 (01:20)	9 (19:00)	0	0	0	0	0
Loja	Granada										
Lanjarón	Granada	19.4 (13:40)	5.3 (08:30)	12,3			0	0	0	0	0
Salobreña	Granada	17.9 (15:00)	6.1 (23:59)	12	30 (00:40)	17 (00:30)	0	0	0	0	0
Motril	Granada	17.5 (10:20)	10.0 (05:20)	13,8	18 (11:50)	10 (11:50)					
Motril, Puerto	Granada	19.9 (10:50)	8.9 (07:40)	14,4	16 (11:40)	8 (11:30)	0	0	0	0	0
Castell del Ferro	Granada	18.3 (15:00)	11.3 (03:20)	14,8	32 (07:00)	19 (06:40)	0	0	0	0	0
Válor	Granada	18.6 (14:40)	9.4 (04:30)	14			0	0	0	0	0
Molina de Aragón	Guadalajara	9.6 (16:20)	1.9 (23:00)	5,8	40 (15:30)	19 (13:30)	0	0	0	0	0
Zaorejas	Guadalajara	7.1 (15:40)	3.5 (00:00)	5,3	36 (12:20)	21 (12:20)	0,4	0,4	0	0	0
Pastrana	Guadalajara	10.3 (15:10)	4.6 (08:30)	7,5			0	0	0	0	0
Retiendas	Guadalajara	7.1 (15:40)	4.9 (00:00)	6	24 (12:40)	12 (12:40)	1,4	0,4	0,4	0,4	0,2
Sigüenza	Guadalajara	8.4 (15:20)	4.5 (00:00)	6,4							
Mandayona	Guadalajara	8.2 (15:20)	4.3 (00:00)	6,3			0,4	0,4	0	0	0
Guadalajara	Guadalajara	11.2 (15:20)	7.1 (00:00)	9,1	37 (13:40)	20 (13:30)	0,2	0,2	0	0	0
Brihuega	Guadalajara	8.9 (15:30)	5.0 (00:00)	6,9			0,8	0,8	0	0	0
El Pedregal	Guadalajara	13.3 (16:10)	2.9 (22:40)	8,1	40 (08:50)	23 (01:20)	0	0	0	0	0
Aroche	Huelva	15.7 (16:10)	5.3 (04:20)	10,5	23 (16:50)	14 (16:50)	0	0	0	0	0
El Granado	Huelva	16.7 (15:10)	7.6 (09:10)	12,2			0	0	0	0	0
Ayamonte	Huelva	15.7 (15:50)	9.5 (09:00)	12,6	24 (17:00)	13 (17:00)	0	0	0	0	0
Cartaya	Huelva	15.4 (16:40)	7.2 (05:00)	11,3	22 (20:20)	13 (14:50)	0	0	0	0	0
Alajar	Huelva								0,2	0	
Valverde del Camino	Huelva	15.1 (14:40)	4.7 (08:30)	9,9			0	0	0	0	0
El Cerro de Andévalo	Huelva	15.3 (15:40)	7.8 (07:40)	11,6			0	0	0	0	0
Alosno, Tharsis	Huelva	14.4 (16:20)	7.8 (07:20)	11,1	26 (16:50)	19 (18:10)	0	0	0	0	0
El Campillo	Huelva	13.9 (15:10)	5.9 (08:40)	9,9	22 (13:10)	12 (13:10)	0	0	0	0	0
Villarrasa	Huelva	16.1 (15:10)	5.0 (09:10)	10,6	15 (17:10)	12 (06:20)	0	0	0	0	0
Huelva, Ronda Este	Huelva	16.4 (15:10)	6.3 (08:20)	11,3	18 (15:50)	12 (17:10)	0	0	0	0	0
Cala	Huelva	12.6 (15:00)	2.1 (08:40)	7,4	27 (14:50)	12 (13:40)	0,2	0,2	0	0	0
Almonte	Huelva	19.2 (16:20)	4.2 (08:30)	11,7	17 (05:20)	10 (11:20)	0,2	0	0,2	0	0
Moguer, El Arenosillo	Huelva	16.7 (14:50)	6.8 (08:20)	11,8	20 (10:40)	13 (04:50)	0	0	0	0	0
Jaca	Huesca									0	
Valle de Hecho, Hecho	Huesca	10.2 (15:40)	0.7 (01:10)	5,4	14 (16:00)	8 (23:00)	0,2	0	0	0,2	0
Aragüés del Puerto	Huesca										
Bailo	Huesca	10.9 (15:40)	2.6 (00:10)	6,7	47 (11:20)	30 (11:20)	0,2	0	0,2	0	0
Biescas	Huesca	10.7 (14:40)	1.7 (07:40)	6,2	23 (16:50)	10 (17:10)	0	0	0	0	0
Sabiñánigo	Huesca	10.7 (15:30)	0.9 (03:30)	5,8	24 (13:40)	13 (13:40)	0	0	0	0	0
Almudévar	Huesca	12.1 (14:40)	2.1 (01:10)	7,1	21 (07:40)	16 (07:40)	0	0	0	0	0
Sopeira	Huesca										
Benabarre	Huesca	10.5 (13:40)	1.8 (00:00)	6,1	23 (16:20)	14 (16:20)	0	0	0	0	0
Bielsa	Huesca	10.3 (13:40)	0.9 (03:00)	5,6	26 (20:10)	10 (15:50)	0	0	0	0	0
Ainsa	Huesca	11.5 (14:10)	0.7 (08:20)	6,1	15 (14:50)	13 (14:40)	0	0	0	0	0
Torla	Huesca				11 (13:10)	6 (13:10)	0	0	0	0	0
Benasque	Huesca				10 (06:40)	6 (15:10)	0	0	0	0	0
Seira	Huesca	11.5 (15:10)	0.1 (03:30)	5,8	10 (07:20)	4 (10:40)	0	0	0	0	0
Capella	Huesca	11.7 (15:40)	0.3 (07:20)	6	19 (17:30)	12 (16:20)	0	0	0	0	0
Barbastro	Huesca	14.5 (15:00)	1.4 (00:50)	7,9	15 (15:50)	8 (05:40)	0	0	0	0	0
Sariñena	Huesca								0	0	
Sariñena, Depósito agua	Huesca	12.5 (15:10)	2.2 (08:20)	7,4	11 (08:40)	8 (08:40)	0	0	0	0	0
Huesca Aeropuerto	Huesca							0		0	0
Huesca	Huesca	12.6 (14:40)	3.3 (08:50)	8			0	0	0	0	0
Lanaja	Huesca	12.2 (15:00)	2.8 (09:20)	7,5	27 (00:40)	18 (00:40)	0	0	0	0	0
Ballobar	Huesca	12.6 (16:30)	1.8 (08:40)	7,2	13 (20:10)	10 (20:10)	0	0	0	0	0
Tamarite de Litera	Huesca	12.5 (15:20)	0.5 (08:40)	6,5	12 (13:30)	6 (13:30)	0	0	0	0	0
Fraga	Huesca	13.8 (16:00)	2.3 (08:50)	8,1	10 (07:00)	6 (08:00)	0	0	0	0	0
Escorca, Lluc	Illes Balears								0	0	0
Banyalbufar	Illes Balears	16.6 (15:40)	11.3 (03:10)	14			0	0	0	0	0
Calvià, Son Vic Nou	Illes Balears	17.8 (15:10)	8.2 (08:30)	13	24 (00:40)	15 (04:20)	0	0	0	0	0
Palma de Mallorca, Puerto	Illes Balears	16.2 (13:10)	10.9 (05:10)	13,6	26 (14:00)	15 (14:00)	0	0	0	0	0
Palma de Mallorca, Universidad	Illes Balears	17.8 (12:40)	6.6 (23:40)	12,2	35 (00:10)	16 (00:10)	0	0	0	0	0
Palma de Mallorca, Aeropuerto	Illes Balears	16.8 (12:40)	6.8 (08:30)	11,8	33 (14:30)	24 (15:00)	0	0	0	0	0
Llucmajor, Cap Blanc	Illes Balears	16.6 (12:50)	11.9 (07:50)	14,3	35 (00:10)	22 (00:50)	0	0	0	0	0
Llucmajor	Illes Balears	16.7 (14:10)	8.4 (08:40)	12,6			0	0	0	0	0
Porreres	Illes Balears	17.4 (13:10)	6.4 (08:20)	11,9	23 (13:30)	13 (11:50)	0	0	0	0	0
Campos, Can Sion	Illes Balears	17.1 (13:10)	6.9 (02:50)	12	27 (13:30)	18 (14:30)	0	0	0	0	0
Campos, Salines Llevant	Illes Balears	16.9 (14:40)	7.2 (08:20)	12	34 (00:10)	24 (00:10)	0	0	0	0	0
Portocolom	Illes Balears	17.3 (13:30)	8.3 (08:30)	12,8	44 (14:10)	26 (16:10)	0	0	0	0	0
Son Servera	Illes Balears	20.7 (14:30)	6.9 (06:40)	13,8	23 (15:40)	17 (15:20)	0	0	0	0	0
Artà-Molí den Leu	Illes Balears	19.3 (14:50)	6.3 (07:30)	12,8			0	0	0	0	0
Capdepera	Illes Balears	19.1 (15:00)	13.1 (00:10)	16,1	36 (15:40)	25 (15:50)	0	0	0	0	0
Artà-Colònia de Sant Pere	Illes Balears	18.4 (15:10)	11.0 (05:40)	14,7			0	0	0	0	0
Muro, S'Albufera	Illes Balears							0	0		
Manacor	Illes Balears	17.9 (13:40)	6.6 (05:20)	12,2	32 (14:50)	21 (16:50)	0	0	0	0	0
Sineu	Illes Balears	17.5 (14:10)	7.0 (07:40)	12,3	24 (16:40)	14 (15:10)	0	0	0	0	0
Binissalem	Illes Balears	17.1 (13:20)	5.7 (04:40)	11,4	30 (16:10)	22 (15:30)	0	0	0	0	0
Escorca, Son Torrella	Illes Balears	17.1 (13:30)	5.3 (08:00)	11,2			0	0	0	0	0
Sa Pobla	Illes Balears	19.0 (14:00)	6.1 (07:40)	12,5	33 (16:00)	17 (16:30)	0	0	0	0	0
Pollença	Illes Balears	21.2 (13:10)	7.4 (23:59)	14,3	40 (00:20)	17 (00:20)	0	0	0	0	0
Pollença Aeródromo	Illes Balears	20.8 (14:50)	9.0 (07:20)	14,9	31 (00:40)	16 (16:40)	0	0	0	0	0
Es Mercadal	Illes Balears	16.1 (11:40)	9.8 (03:50)	13	37 (13:40)	26 (13:40)	0	0	0	0	0
Ciutadella	Illes Balears							0	0		
Menorca  Aeropuerto	Illes Balears	16.9 (11:50)	8.1 (07:50)	12,5	32 (15:30)	21 (15:30)	0	0	0	0	0
Sant Joan de Labritja	Illes Balears	18.5 (14:30)	4.9 (23:40)	11,7			0	0	0	0	0
Eivissa/Ibiza, Aeropuerto	Illes Balears	17.8 (14:00)	11.1 (08:30)	14,4	41 (01:00)	27 (01:00)	0	0	0	0	0
Cazorla	Jaén	16.6 (15:10)	4.8 (05:20)	10,7	17 (17:40)	11 (17:30)					
Torres	Jaén	16.8 (15:10)	2.6 (00:00)	9,7			0	0	0	0	0
Arroyo del Ojanco	Jaén	17.3 (15:40)	2.0 (09:10)	9,6	25 (16:20)	15 (16:10)	0	0	0	0	0
Villarrodrigo	Jaén	14.5 (15:20)	2.3 (08:50)	8,4	27 (14:40)	15 (15:30)	0	0	0	0	0
Villanueva del Arzobispo	Jaén										
Santa Elena	Jaén	12.7 (16:40)	3.1 (08:30)	7,9	24 (16:00)	11 (03:50)	0	0	0	0	0
Jaén	Jaén	14.8 (14:40)	3.7 (07:50)	9,3	20 (02:50)	12 (00:10)	0	0	0	0	0
Linares	Jaén	14.1 (16:00)	4.3 (08:40)	9,2	12 (05:10)	8 (05:10)	0	0	0	0	0
Bailén	Jaén	18.4 (16:00)	2.6 (08:40)	10,5	13 (11:30)	6 (11:10)	0	0	0	0	0
Andújar	Jaén	16.9 (16:20)	1.1 (08:30)	9	19 (11:20)	12 (11:20)	0	0	0	0	0
Alcalá La Real	Jaén	16.5 (15:40)	2.4 (05:10)	9,5	22 (02:10)	16 (02:10)	0	0	0	0	0
Haro	La Rioja	12.9 (00:20)	6.3 (05:50)	9,6			0	0	0	0	0
Anguiano	La Rioja	9.6 (17:20)	7.5 (08:30)	8,6			0,6	0	0	0	0,6
Nájera	La Rioja	12.5 (17:00)	3.5 (09:30)	8	20 (14:40)	11 (14:50)	0	0	0	0	0
Cenicero	La Rioja	10.7 (17:00)	4.8 (05:30)	7,8	20 (12:40)	10 (12:40)	0	0	0	0	0
Logroño Aeropuerto	La Rioja	12.4 (14:20)	2.8 (03:40)	7,6	21 (14:10)	16 (14:10)	0	0	0	0	0
Enciso	La Rioja	11.4 (13:00)	5.9 (07:30)	8,6	60 (14:40)	38 (14:40)	0	0	0	0	0
Alfaro	La Rioja										
Lanzarote Aeropuerto	Las Palmas	20.1 (13:50)	13.1 (22:40)	16,6	22 (10:10)	16 (17:10)	0	0	0	0	0
Haría	Las Palmas	18.0 (13:10)	11.4 (22:00)	14,7	24 (16:00)	15 (13:30)	0	0	0	0	0
Tinajo	Las Palmas	19.1 (12:50)	9.2 (08:30)	14,2	25 (15:00)	17 (15:00)	0	0	0	0	0
Pájara	Las Palmas	19.0 (13:30)	15.7 (03:20)	17,3	30 (16:10)	18 (16:20)	0	0	0	0	0
Tuineje	Las Palmas							0	0	0	
Antigua	Las Palmas							0	0		
Fuerteventura Aeropuerto	Las Palmas	19.5 (13:20)	16.2 (23:59)	17,9	24 (00:20)	17 (00:20)					
La Oliva	Las Palmas									0	0
La Oliva, Puerto de Corralejo	Las Palmas	19.2 (13:40)	16.3 (04:00)	17,8	25 (00:40)	17 (06:20)	0	0	0	0	0
Vega de San Mateo	Las Palmas	17.4 (11:50)	8.8 (06:50)	13,1	24 (11:50)	10 (13:40)	0	0	0	0	0
Tejeda, Cruz de Tejeda	Las Palmas	17.8 (15:10)	10.9 (07:30)	14,3	19 (15:40)	12 (15:30)					
Agaete	Las Palmas							0	0	0	
La Aldea de San Nicolás	Las Palmas	20.8 (15:20)	9.6 (06:40)	15,2	26 (14:50)	14 (15:40)	0	0	0	0	0
San Bartolome Tirajana, Cuevas del Pinar	Las Palmas							0	0		
San Bartolome Tirajana, Lomo Pedro Alfonso	Las Palmas							0	0	0	
La Aldea de San Nicolás	Las Palmas							0	0	0	
Mogán, Puerto Rico	Las Palmas							0	0	0	
Mogán, Puerto	Las Palmas	21.0 (14:50)	14.4 (04:40)	17,7	22 (03:40)	15 (06:10)	0	0	0	0	0
San Bartolome Tirajana, Las Tirajanas	Las Palmas	20.7 (10:10)	11.8 (00:50)	16,3	14 (13:30)	8 (02:20)	0	0	0	0	0
Maspalomas, C. Insular Turismo	Las Palmas							0	0	0	
San Bartolome Tirajana, El Matorral	Las Palmas	19.3 (15:10)	11.8 (05:00)	15,5	26 (15:20)	16 (15:20)	0	0	0	0	0
Agüimes	Las Palmas							0	0		
Telde, Centro Forestal Doramas	Las Palmas	18.2 (13:00)	10.4 (04:20)	14,3	20 (01:10)	15 (01:00)	0	0	0	0	0
Gran Canaria Aeropuerto	Las Palmas	20.0 (14:00)	14.8 (05:00)	17,4	26 (01:40)	20 (19:30)	0	0	0	0	0
Telde, Melenara	Las Palmas	19.1 (13:10)	13.8 (04:20)	16,5	19 (04:00)	14 (04:00)	0	0	0	0	0
Teror	Las Palmas	18.8 (13:50)	4.2 (08:00)	11,5	13 (13:30)	6 (03:00)	0	0	0	0	0
Las Palmas de Gran Canaria, Tafira	Las Palmas	18.1 (12:50)	11.6 (04:50)	14,9	18 (13:40)	10 (03:20)	0	0	0	0	0
Las Palmas de Gran Canaria, San Cristobal	Las Palmas	21.8 (12:20)	16.3 (04:40)	19	15 (09:50)	9 (13:00)	0	0	0	0	0
Las Palmas de Gran Canaria, Pl. de la Feria	Las Palmas	19.3 (12:40)	15.9 (05:10)	17,6	15 (14:10)	8 (13:20)	0	0	0	0	0
Arucas	Las Palmas							0	0	0	
Maspalomas	Las Palmas	20.0 (12:50)	13.5 (05:00)	16,8	26 (11:10)	20 (11:30)	0	0	0	0	0
Villablino	León	9.6 (14:00)	6.9 (08:50)	8,3	89 (22:00)	45 (02:50)	17,4	0,2	11,6	5,6	0
Ponferrada	León	11.4 (15:40)	7.2 (23:10)	9,3	32 (08:30)	18 (08:20)	9	0	6	3	0
Vega de Espinareda	León	10.1 (14:40)	6.8 (23:10)	8,5			14,8	0,2	11	3,6	0
Riaño	León	7.8 (17:50)	6.0 (08:40)	6,9	60 (00:20)	32 (01:30)	9,4	1,4	3	4	1
Cubillas de Rueda	León	8.1 (16:00)	6.5 (05:50)	7,3	49 (05:00)	27 (06:00)	1,4	0	0,2	0,6	0,6
Puerto de San Isidro	León	5.8 (18:50)	3.4 (07:10)	4,6	90 (23:00)	27 (01:00)	10,2	1,8	4,4	3,6	0,4
León Aeropuerto	León	8.8 (15:50)	7.0 (10:00)	7,9	49 (04:40)	27 (04:30)	1,4	0	1	0,2	0,2
Valencia de Don Juan	León										
Sena de Luna, Miñera	León	7.5 (16:40)	5.6 (00:20)	6,5	58 (00:50)	32 (10:00)	0	0	0	0	0
Quintana del Castillo, Villameca	León	7.8 (14:10)	2.6 (00:10)	5,2	33 (12:20)	16 (16:40)	4	0	2,6	1,4	0
Astorga	León	9.9 (15:40)	5.5 (21:10)	7,7	64 (02:20)	37 (03:50)	1,2	0	1,2	0	0
Lagunas de Somoza	León	10.7 (14:50)	5.8 (09:10)	8,3	46 (10:20)	26 (09:00)	1,1	0	1	0	0,1
Bustillo del Páramo	León	9.0 (16:40)	7.0 (09:50)	8	46 (02:20)	30 (05:40)	1,4	0	0,8	0	0,6
Martinet	Lleida	12.0 (15:10)	-1.9 (08:50)	5,1	20 (15:30)	11 (15:50)	0	0	0	0	0
La Seo d´Urgell	Lleida										
Josa i Tuixén	Lleida	13.3 (15:10)	0.5 (00:00)	6,9	9 (16:40)	5 (15:00)	0	0	0	0	0
Coll de Nargó	Lleida	12.9 (15:00)	0.5 (03:20)	6,7	28 (16:10)	21 (16:10)	0	0	0	0	0
Torà	Lleida	11.4 (14:30)	-0.8 (08:30)	5,3			0	0	0	0	0
Artesa de Segre	Lleida	11.5 (15:40)	-0.2 (09:30)	5,6			0	0	0	0	0
Esterri d´Àneu	Lleida	10.4 (15:30)	-1.2 (08:50)	4,6	12 (22:10)	5 (22:10)	0	0	0	0	0
Torre de Cabdella	Lleida	12.0 (12:20)	1.7 (00:50)	6,9			0	0	0	0	0
Talarn	Lleida	10.9 (16:00)	0.2 (08:40)	5,5	15 (08:40)	12 (08:40)	0	0	0	0	0
Llimiana	Lleida	9.9 (15:10)	-0.3 (08:10)	4,8	15 (20:00)	8 (19:50)	0	0	0	0	0
Granyanella	Lleida	11.2 (13:10)	4.0 (04:50)	7,6			0	0	0	0	0
Tàrrega	Lleida	11.9 (12:50)	2.1 (07:40)	7	13 (14:50)	6 (15:00)	0	0	0	0	0
Os de Balaguer	Lleida	11.6 (15:40)	2.3 (01:20)	7	16 (02:30)	13 (04:30)	0	0	0	0	0
Mollerussa	Lleida	12.2 (16:10)	1.9 (07:50)	7	13 (14:10)	9 (14:20)	0	0	0	0	0
La Vall de Boi	Lleida	12.7 (15:00)	-1.2 (09:00)	5,7	9 (21:20)	3 (07:30)	0	0	0	0	0
Lleida	Lleida	13.0 (15:50)	2.0 (08:30)	7,5	12 (07:20)	9 (22:30)	0	0	0	0	0
La Pobla de Cérvoles	Lleida	14.2 (13:40)	4.5 (23:50)	9,3			0	0	0	0	0
El Soleràs	Lleida	12.6 (12:40)	4.3 (03:30)	8,5			0	0	0	0	0
Naut Aran, Arties	Lleida	9.1 (16:00)	2.5 (00:40)	5,8	20 (15:30)	3 (05:20)	0,2	0	0,1	0	0,1
Bossòst	Lleida										
Cervantes	Lugo	8.7 (00:00)	6.1 (19:10)	7,4	59 (01:00)	32 (05:50)	21,2	3,4	10,6	7,2	0
Ribadeo	Lugo	16.9 (01:10)	13.1 (12:50)	15	89 (00:10)	42 (01:10)	6,2	1,2	4,6	0,4	0
Mondoñedo	Lugo	15.0 (01:00)	12.2 (13:30)	13,6			28	6,8	19,4	1,8	0
Burela	Lugo	16.0 (00:00)	11.8 (19:00)	13,9			9,2	1,8	7,4	0	0
Lugo Aeropuerto	Lugo	12.3 (01:10)	9.0 (23:40)	10,7	54 (07:00)	26 (10:00)	17	4,8	10,4	0,6	1,2
Lugo	Lugo	12.2 (00:50)	8.7 (23:50)	10,4	56 (05:00)	26 (13:00)	15,4	7,2	7,8	0,2	0,2
O Páramo	Lugo	13.2 (01:50)	9.2 (23:50)	11,2			21,2	6,4	11,6	3	0,2
Becerreá	Lugo	8.6 (08:20)	5.3 (17:30)	7	80 (08:50)	36 (06:50)	25,2	4,4	12	8,4	0,4
Folgoso do Courel	Lugo	11.8 (01:00)	8.4 (18:50)	10,1			27,2	5	15,6	6,6	0
Monforte de Lemos	Lugo	14.7 (03:20)	9.8 (23:50)	12,3	46 (00:20)	17 (01:00)	18	6,2	9,4	2,4	0
Puerto de Navacerrada	Madrid	5.9 (16:20)	0.3 (00:30)	3,1	60 (13:10)	38 (13:00)	0	0	0	0	0
Aranjuez	Madrid	14.6 (15:50)	5.7 (08:50)	10,2	30 (15:20)	10 (11:10)	0	0	0	0	0
Buitrago del Lozoya	Madrid	5.5 (15:50)	3.3 (04:30)	4,4	12 (14:20)	6 (14:20)	0,6	0,3	0,2	0,1	0
Somosierra	Madrid										
San Sebastián de Los Reyes	Madrid						2	1,6	0,2	0	0,2
Madrid, El Goloso	Madrid	9.3 (16:40)	5.9 (04:50)	7,6	22 (13:10)	9 (13:10)	1,8	1,8	0	0	0
Madrid Aeropuerto	Madrid										
Alcala de Henares	Madrid	12.2 (15:00)	7.3 (09:20)	9,8	34 (14:30)	20 (15:10)	0	0	0	0	0
Arganda del Rey	Madrid	12.0 (14:40)	5.7 (09:10)	8,8	27 (14:50)	20 (14:50)	0	0	0	0	0
Colmenar Viejo	Madrid	6.0 (20:40)	4.1 (06:30)	5	31 (11:50)	21 (11:50)	1,6	0,4	0,4	0,4	0,4
Madrid, Ciudad Universitaria	Madrid	10.6 (15:20)	6.5 (08:10)	8,6	30 (12:10)	9 (13:00)	0,2	0,2	0	0	0
Pozuelo de Alarcón	Madrid	10.8 (15:10)	6.3 (07:30)	8,6			0,8	0,6	0,2	0	0
Madrid	Madrid	11.1 (16:30)	6.3 (08:50)	8,7				0	0		0
Tielmes	Madrid	12.5 (14:00)	6.5 (09:10)	9,5			0	0	0	0	0
Puerto Alto del León	Madrid	2.6 (23:10)	1.2 (00:10)	1,9	35 (21:50)	24 (22:40)	2	0,3	1	0	0,7
Alpedrete	Madrid	7.3 (14:20)	5.1 (01:10)	6,2	15 (11:30)	6 (11:40)	1,4	0,4	0,8	0	0,2
Rozas de Puerto Real	Madrid	7.3 (17:30)	5.8 (09:20)	6,6			0,6	0,4	0,2	0	0
Valdemorillo	Madrid	8.4 (15:50)	5.8 (00:00)	7,1	28 (10:30)	16 (10:40)	2,2	2,2	0	0	0
Ronda	Málaga	20.3 (14:10)	5.9 (01:10)	13,1				0	0	0	
Ronda Instituto	Málaga	18.2 (14:30)	5.9 (01:20)	12,1	21 (16:00)	10 (16:00)	0	0	0	0	0
Cortes de la Frontera	Málaga	18.7 (14:20)	3.8 (08:20)	11,3	17 (16:50)	6 (16:50)	0	0	0	0	0
Alpandeire	Málaga	18.7 (14:20)	8.3 (06:00)	13,5	19 (15:50)	11 (16:10)	0	0	0	0	0
Gaucín	Málaga										
Manilva	Málaga	20.5 (15:00)	10.3 (03:50)	15,4	32 (15:40)	22 (16:10)	0	0	0	0	0
Estepona	Málaga	21.0 (15:10)	9.1 (07:00)	15,1	33 (15:20)	22 (15:20)	0	0	0	0	0
Benahavis	Málaga	20.5 (15:20)	9.7 (05:30)	15,1	15 (15:50)	8 (15:30)	0	0	0	0	0
Marbella, Puerto	Málaga	18.7 (17:10)	10.1 (08:10)	14,4	17 (00:20)	12 (06:00)	0	0	0	0	0
Marbella	Málaga	18.1 (16:30)	10.0 (08:40)	14,1	25 (16:30)	19 (16:40)	0	0	0	0	0
Fuengirola	Málaga	19.9 (16:40)	10.3 (08:40)	15,1	19 (22:30)	13 (14:50)	0	0	0	0	0
Torremolinos	Málaga	21.2 (16:30)	9.4 (06:50)	15,3	27 (00:20)	12 (20:10)	0	0	0	0	0
Antequera	Málaga	18.8 (15:50)	0.3 (08:50)	9,5	22 (17:00)	13 (16:20)	0	0	0	0	0
Álora	Málaga	23.0 (15:40)	6.5 (07:50)	14,8	32 (00:10)	18 (00:30)	0	0	0	0	0
Coín	Málaga	24.0 (16:00)	6.9 (06:10)	15,5			0	0	0	0	0
Málaga Aeropuerto	Málaga	21.3 (15:50)	6.6 (08:00)	13,9	37 (00:10)	27 (00:30)	0	0	0	0	0
Málaga, Centro Meteorológico	Málaga	21.8 (14:00)	7.8 (06:40)	14,8	22 (01:40)	15 (00:30)	0	0	0	0	0
Málaga	Málaga	17.8 (12:40)	10.2 (07:00)	14	28 (00:40)	14 (00:10)	0	0	0	0	0
Rincon de la Victoria	Málaga	20.3 (10:30)	9.7 (08:30)	15			0	0	0	0	0
Vélez-Málaga	Málaga	21.7 (13:40)	8.3 (05:30)	15			0	0	0	0	0
Algarrobo	Málaga	17.9 (13:40)	8.6 (08:00)	13,3	15 (14:20)	9 (14:10)	0	0	0	0	0
Torrox	Málaga	17.9 (15:50)	9.9 (08:40)	13,9	20 (18:00)	16 (12:50)	0	0	0	0	0
Nerja	Málaga	18.1 (16:30)	11.2 (06:20)	14,7	14 (00:20)	12 (00:20)	0	0	0	0	0
Fuente de Piedra	Málaga	18.6 (14:50)	1.1 (07:00)	9,9	23 (16:10)	18 (16:10)	0	0	0	0	0
Águilas	Murcia	17.7 (16:50)	8.3 (08:00)	13	60 (09:10)	11 (17:50)	0	0	0	0	0
Cartagena	Murcia	16.1 (11:50)	9.2 (06:50)	12,7	30 (15:00)	13 (16:00)	0	0	0	0	0
Fuente Álamo de Murcia	Murcia	19.4 (13:50)	5.1 (07:10)	12,2			0	0	0	0	0
Torre-Pacheco	Murcia	19.5 (15:10)	5.7 (08:20)	12,6	22 (14:00)	13 (14:00)	0	0	0	0	0
San Javier Aeropuerto	Murcia	19.1 (15:30)	7.2 (08:30)	13,2	26 (17:20)	19 (16:00)	0	0	0	0	0
Moratalla	Murcia	15.3 (16:10)	4.1 (02:30)	9,7			0,2	0	0,2	0	0
Caravaca de La Cruz	Murcia	16.4 (13:20)	1.8 (03:40)	9,1	32 (23:40)	19 (23:20)	0	0	0	0	0
Calasparra	Murcia	18.2 (16:20)	3.2 (08:10)	10,7	17 (13:20)	9 (21:10)	0	0	0	0	0
Bullas	Murcia	16.1 (16:50)	4.0 (08:20)	10,1			0	0	0	0	0
Jumilla	Murcia	18.1 (16:20)	4.9 (08:40)	11,5	27 (00:30)	13 (13:40)	0	0	0	0	0
Cieza	Murcia	18.9 (16:40)	4.9 (08:00)	11,9	22 (01:30)	16 (08:40)	0	0	0	0	0
Archena	Murcia	20.8 (16:30)	10.4 (08:50)	15,6			0	0	0	0	0
Mula	Murcia	20.4 (15:20)	6.8 (08:40)	13,6	44 (00:50)	30 (00:40)	0	0	0	0	0
Murcia	Murcia	20.6 (15:40)	8.0 (07:50)	14,3	19 (04:20)	12 (04:20)	0	0	0	0	0
Caravaca de La Cruz, Los Royos	Murcia	15.7 (15:00)	1.8 (05:50)	8,7			0	0	0	0	0
Lorca, Zarcilla de Ramos	Murcia	21.9 (15:10)	4.5 (08:30)	13,2	43 (03:00)	31 (02:40)	0	0	0	0	0
Lorca	Murcia	20.0 (15:40)	3.8 (08:30)	11,9	29 (00:20)	13 (02:10)	0	0	0	0	0
Puerto Lumbreras	Murcia	20.7 (15:30)	6.8 (07:50)	13,8			0	0	0	0	0
Totana	Murcia	19.3 (15:40)	6.0 (05:30)	12,6	10 (15:00)	5 (14:50)	0	0	0	0	0
Alhama de Murcia	Murcia	19.5 (16:40)	6.5 (23:59)	13	32 (04:40)	20 (04:40)	0	0	0	0	0
Molina de Segura	Murcia	20.4 (17:00)	8.4 (08:30)	14,4	37 (00:10)	24 (00:10)	0	0	0	0	0
Abanilla	Murcia	21.6 (16:20)	6.9 (08:00)	14,3			0	0	0	0	0
Yecla	Murcia	17.0 (16:10)	3.9 (08:50)	10,5	49 (02:30)	17 (15:40)	0	0	0	0	0
Baztan, Irurita	Navarra	14.0 (17:00)	4.7 (00:00)	9,3	49 (05:00)	28 (05:00)	0	0	0	0	0
Bera	Navarra	15.9 (23:20)	14.0 (04:20)	14,9	45 (07:40)	20 (07:30)	0,8	0,8	0	0	0
Areso	Navarra	12.7 (00:40)	9.3 (06:10)	11	55 (05:10)	34 (05:10)	0,2	0	0,2	0	0
Los Arcos	Navarra	11.5 (14:10)	3.6 (00:00)	7,5	27 (20:20)	17 (20:20)	0,2	0	0	0,2	0
Sartaguda	Navarra	12.4 (18:20)	4.0 (00:00)	8,2	27 (18:40)	17 (19:10)	0	0	0	0	0
Isaba/Izaba	Navarra	12.6 (13:50)	5.8 (02:00)	9,2	42 (13:50)	26 (12:10)	1,4	0	1,4	0	0
Oroz-Betelu/Orotz-Betelu	Navarra	10.0 (15:00)	3.3 (03:20)	6,6	55 (13:20)	35 (13:00)	0,2	0	0	0,2	0
Roncesvalles	Navarra	6.5 (23:20)	3.5 (00:50)	5	39 (12:30)	21 (12:30)	0	0	0	0	0
Navascués/Nabaskoze	Navarra	10.8 (15:20)	1.5 (00:10)	6,2			0,2	0	0,2	0	0
Cáseda	Navarra	13.1 (14:30)	1.5 (02:20)	7,3	32 (14:10)	18 (14:20)	0	0	0	0	0
Olite/Erriberri	Navarra	12.0 (14:20)	2.5 (00:10)	7,3	30 (14:50)	19 (13:50)	0,2	0	0,2	0	0
Esteribar, Eugui	Navarra	9.4 (18:10)	3.3 (00:20)	6,3			0	0	0	0	0
Monreal/Elo	Navarra	10.7 (14:50)	5.1 (00:00)	7,9	49 (14:00)	35 (14:00)	0,4	0	0,4	0	0
Pamplona Aeropuerto	Navarra	12.4 (14:00)	3.5 (01:20)	7,9	46 (14:50)	33 (14:50)	0	0	0	0	0
Aranguren, Ilundain	Navarra	7.8 (14:40)	1.8 (04:50)	4,8	39 (11:30)	21 (02:00)	0,2	0	0,2	0	0
Irurtzun	Navarra	11.8 (23:50)	6.8 (03:40)	9,3	36 (19:20)	17 (01:30)	0,2	0	0	0,2	0
Larraga	Navarra	12.1 (16:20)	2.2 (00:40)	7,2	50 (23:20)	35 (18:00)	0,6	0	0,6	0	0
Cadreita	Navarra	13.6 (14:00)	1.5 (01:40)	7,6	36 (16:40)	25 (16:10)	0	0	0	0	0
Bardenas Reales, Base Aérea	Navarra	12.1 (16:50)	2.8 (00:40)	7,5	43 (14:20)	29 (05:30)	0	0	0	0	0
Monteagudo	Navarra	12.3 (00:20)	5.2 (08:40)	8,8			0	0	0	0	0
Tudela	Navarra	13.0 (01:00)	5.6 (00:00)	9,3	35 (01:00)	17 (01:00)	0	0	0	0	0
Luzaide/Valcarlos	Navarra	15.7 (10:30)	12.8 (12:30)	14,3	73 (07:00)	34 (08:30)	0	0	0	0	0
O Barco de Valdeorras	Ourense	14.7 (05:00)	11.1 (16:20)	12,9							
A Pobra de Trives	Ourense	11.7 (11:00)	6.4 (21:00)	9	57 (01:40)	22 (14:40)	12	0,2	7	4,8	0
Chandrexa de Queixa	Ourense	8.6 (12:40)	6.6 (20:30)	7,6	123 (00:10)	79 (03:40)	15	0	7,8	7,2	0
Ourense	Ourense	15.7 (03:00)	10.6 (23:50)	13,2	45 (00:40)	20 (05:10)	18	5,8	11,6	0,4	0,2
Beariz	Ourense	11.1 (00:40)	7.0 (21:40)	9,1			45,6	15,8	26,6	3	0,2
Carballiño, O	Ourense	12.9 (01:00)	9.1 (22:20)	11	39 (04:20)	13 (12:50)	27,9	12,9	10,7	3,3	1
Ribadavia	Ourense	14.8 (01:30)	10.4 (22:40)	12,6			28	14,4	11,6	1,4	0,6
Allariz	Ourense	12.5 (03:40)	9.6 (21:40)	11,1			9,4	1	7,4	1	0
Xinzo de Limia	Ourense	11.5 (05:10)	8.8 (21:00)	10,2	44 (13:30)	31 (03:00)	14,9	0,5	12,8	1,6	0
Muiños	Ourense	11.4 (10:30)	7.3 (20:50)	9,3			19,6	2	11,6	5,6	0,4
A Gudiña	Ourense	8.3 (15:40)	6.6 (19:30)	7,5			26,6	0	17	9,6	0
Verín	Ourense	12.5 (03:10)	9.0 (22:50)	10,8			12,8	0,8	11	1	0
Cervera de Pisuerga	Palencia	6.9 (18:00)	5.0 (07:30)	6	73 (03:20)	35 (00:40)	9,2	0,8	1,4	6,4	0,6
Aguilar de Campoo	Palencia	8.5 (19:10)	6.8 (05:40)	7,7	47 (14:40)	22 (16:50)	1,4	0,4	0,2	0,8	0
Villaeles de Valdavia	Palencia	8.0 (18:30)	6.0 (05:20)	7	59 (13:20)	37 (12:50)	1,6	0,2	0	0,8	0,6
Velilla del Río Carrión, Camporredondo de Alba	Palencia	4.2 (16:40)	2.3 (06:10)	3,2	80 (10:20)	54 (09:20)	5,8	0,8	1,8	2,4	0,8
Carrión de los Condes	Palencia	9.8 (13:10)	7.2 (00:40)	8,5	50 (11:50)	27 (11:40)	0,2	0	0	0	0,2
Autilla del Pino	Palencia	9.5 (12:10)	6.1 (08:40)	7,8	55 (11:40)	42 (12:30)	0,1	0	0	0,1	0
Palencia	Palencia	11.6 (12:20)	7.4 (08:00)	9,5			0,2	0	0	0,2	0
Santervás de la Vega, Villapún	Palencia	7.8 (17:30)	5.8 (06:20)	6,8	50 (11:50)	32 (09:50)	1	0	0	0,6	0,4
Silleda	Pontevedra	13.0 (00:30)	9.0 (12:20)	11	64 (00:40)	29 (00:40)	35,6	17,8	17,2	0,6	0
A Estrada	Pontevedra	13.7 (00:00)	10.5 (22:20)	12,1			87,6	48,2	38,6	0,6	0,2
VilagarcÍa de Arousa	Pontevedra	15.5 (00:00)	10.9 (23:59)	13,2	73 (06:30)	31 (00:30)	48,4	24	22,4	0	2
Pontevedra	Pontevedra	14.7 (00:40)	11.5 (22:20)	13,1	58 (03:00)	24 (06:30)	37,8	18,6	17	2,2	0
A Lama	Pontevedra	12.0 (08:20)	8.8 (21:10)	10,4	64 (04:10)	25 (04:40)	64,2	6,8	18,2	22,8	16,4
Vigo Aeropuerto	Pontevedra				72 (04:20)	45 (04:10)		20,6	19,1	1,5	
Vigo	Pontevedra	14.6 (00:40)	11.2 (21:50)	12,9	56 (03:30)	28 (03:30)	40,2	20,6	19	0,4	0,2
A Cañiza	Pontevedra	10.8 (09:30)	7.7 (21:00)	9,3			65,6	29,8	31	3,2	1,6
Ponteareas, Canedo	Pontevedra	14.7 (01:30)	10.3 (21:40)	12,5							
O Rosal	Pontevedra	14.7 (00:00)	11.5 (23:30)	13,1			55,2	21,4	30,2	3,4	0,2
La Covatilla, estación de esquí	Salamanca	7.8 (12:10)	2.4 (06:30)	5,1			1	0	0	0	1
Pedrosillo de Los Aires	Salamanca	10.1 (15:30)	6.6 (09:10)	8,4	71 (12:30)	49 (12:40)	0	0	0	0	0
Pedraza de Alba	Salamanca	11.9 (16:20)	5.8 (06:20)	8,8	42 (01:20)	27 (01:20)	0	0	0	0	0
Salamanca Aeropuerto	Salamanca	11.1 (15:40)	7.6 (09:40)	9,4	68 (13:30)	46 (12:40)	0	0	0	0	0
Salamanca	Salamanca	11.4 (15:20)	8.2 (08:50)	9,8	58 (14:10)	26 (13:10)	0	0	0	0	0
Barbadillo	Salamanca	10.2 (14:50)	7.6 (05:10)	8,9	57 (13:20)	41 (13:20)	0	0	0	0	0
Ledesma	Salamanca	11.6 (14:00)	7.7 (08:50)	9,7	60 (14:30)	36 (14:30)	0,2	0	0	0,2	0
Villarino de los Aires	Salamanca							0	0	1,4	
Boadilla Fuente San Esteban	Salamanca	11.2 (14:10)	7.8 (08:40)	9,5	55 (12:30)	33 (13:00)	0	0	0	0	0
Vitigudino	Salamanca	10.2 (13:50)	7.7 (08:20)	8,9	70 (13:50)	41 (14:10)	1,4	0	0	1,2	0,2
El Maíllo	Salamanca	8.9 (13:20)	6.0 (09:10)	7,4	76 (13:50)	46 (23:50)	0	0	0	0	0
Bañobárez	Salamanca	9.8 (13:40)	7.4 (08:50)	8,6	65 (12:30)	37 (12:30)	0,8	0	0	0,4	0,4
Navasfrías	Salamanca	8.8 (23:00)	6.6 (05:40)	7,7	44 (12:10)	26 (12:20)	26	1,2	4	5,4	15,4
El Bodón Base Aérea	Salamanca	10.2 (13:50)	7.2 (07:50)	8,7	56 (14:40)	36 (14:50)	0,2	0	0	0	0,2
Saelices El Chico	Salamanca	11.3 (13:50)	7.9 (08:50)	9,6	49 (14:00)	23 (14:00)	0,4	0	0	0,2	0,2
Fresno de Cantespino	Segovia	10.5 (14:00)	0.4 (09:10)	5,5	25 (13:00)	17 (14:50)	0	0	0	0	0
Aldeanueva de Serrezuela	Segovia	9.9 (16:40)	3.8 (07:50)	6,8	40 (13:30)	28 (13:40)	0	0	0	0	0
La Pinilla, estación de esquí	Segovia	7.4 (05:30)	1.0 (00:10)	4,2	72 (12:50)	36 (06:40)	1	0	1	0	0
Pedraza	Segovia	10.6 (19:50)	2.1 (09:10)	6,4	19 (19:00)	10 (02:50)	0,2	0	0,2	0	0
Cuéllar	Segovia	12.3 (13:10)	2.4 (06:20)	7,4	26 (12:00)	18 (12:40)	0	0	0	0	0
Segovia	Segovia	11.8 (16:10)	2.6 (05:10)	7,2	14 (07:20)	10 (07:20)	0	0	0	0	0
San Rafael	Segovia	6.7 (13:50)	3.6 (00:40)	5,1			0	0	0	0	0
Miguelañez	Segovia	11.3 (17:00)	4.2 (05:10)	7,8	42 (23:50)	31 (23:50)	0	0	0	0	0
La Roda de Andalucía	Sevilla	18.7 (14:00)	2.5 (05:10)	10,6	25 (16:40)	16 (16:30)	0	0	0	0	0
Lora de Estepa	Sevilla	18.5 (15:30)	3.8 (05:20)	11,1			0	0	0	0	0
Écija	Sevilla										
La Puebla de los Infantes	Sevilla	16.1 (16:00)	0.3 (08:00)	8,2	15 (15:10)	10 (15:30)	0	0	0	0	0
Fuentes de Andalucía	Sevilla	15.3 (16:30)	5.5 (08:00)	10,4	17 (05:00)	13 (17:20)	0	0	0	0	0
Carmona	Sevilla	16.1 (16:10)	5.1 (07:40)	10,6	17 (13:10)	12 (13:00)	0	0	0	0	0
Cazalla de la Sierra	Sevilla	13.6 (13:10)	0.8 (07:20)	7,2	21 (16:40)	12 (16:50)	0,1	0,1	0	0	0
Guadalcanal	Sevilla	12.8 (15:10)	3.8 (07:10)	8,3	21 (23:59)	12 (23:59)	0,2	0	0,2	0	0
Sevilla Aeropuerto	Sevilla	17.8 (16:40)	5.7 (07:10)	11,7	24 (08:40)	15 (01:20)	0	0	0	0	0
Sevilla, Tablada	Sevilla	17.3 (16:00)	5.7 (08:50)	11,5	15 (10:10)	8 (06:10)	0	0	0	0	0
Morón de la Frontera	Sevilla	16.1 (16:30)	3.9 (07:40)	10	15 (13:10)	9 (00:50)	0	0	0	0	0
Carrión de los Céspedes	Sevilla	17.3 (16:10)	5.2 (09:00)	11,2	14 (17:30)	8 (17:30)	0	0	0	0	0
Las Cabezas de San Juan	Sevilla	16.3 (16:10)	3.9 (07:20)	10,1	16 (20:00)	11 (09:40)	0	0	0	0	0
Osuna	Sevilla	15.3 (15:00)	6.6 (07:40)	11	27 (16:50)	18 (16:00)	0	0	0	0	0
Vinuesa	Soria	6.4 (13:20)	4.2 (09:00)	5,3	34 (14:00)	10 (13:10)	1,6	0	0,2	0	1,4
La Póveda de Soria, Barriomartín	Soria	6.2 (13:30)	2.0 (08:50)	4,1	41 (01:50)	24 (02:00)	0,6	0	0	0	0,6
Soria	Soria	7.0 (14:50)	3.9 (08:00)	5,5	28 (00:50)	14 (00:50)	0	0	0	0	0
Lubia	Soria	6.9 (12:50)	3.4 (04:50)	5,2	36 (15:20)	21 (15:20)	0	0	0	0	0
Morón de Almazán	Soria	8.8 (15:40)	4.5 (03:40)	6,7	50 (14:00)	31 (14:10)	0	0	0	0	0
La Riba de Escalote	Soria	6.9 (15:20)	4.3 (00:00)	5,6	63 (14:10)	49 (20:50)	0	0	0	0	0
Ucero	Soria	9.4 (15:10)	3.9 (09:00)	6,6			0,2	0	0	0,2	0
Burgo de Osma	Soria	11.6 (13:50)	2.0 (07:20)	6,8	22 (15:40)	16 (15:40)					
Liceras	Soria	10.6 (12:30)	2.3 (07:20)	6,5	32 (23:00)	21 (22:50)	0	0	0	0	0
Ólvega	Soria	8.5 (15:00)	4.6 (06:40)	6,5	46 (14:50)	24 (14:40)	0	0	0	0	0
San Pedro Manrique	Soria	7.6 (15:00)	4.4 (09:40)	6	46 (02:10)	26 (02:10)	0	0	0	0	0
Arcos de Jalón	Soria	10.8 (15:30)	5.9 (02:50)	8,4	54 (11:00)	38 (11:30)	0	0	0	0	0
Almazul	Soria	7.6 (16:30)	4.3 (04:50)	6	46 (14:50)	30 (13:10)	0	0	0	0	0
Puntagorda	Santa Cruz de Tenerife	16.1 (14:40)	9.5 (01:30)	12,8	20 (11:20)	12 (10:50)	0	0	0	0	0
Tijarafe	Santa Cruz de Tenerife	16.0 (14:50)	10.0 (07:30)	13	29 (06:10)	21 (06:00)	0	0	0	0	0
El Paso	Santa Cruz de Tenerife	17.3 (13:40)	4.9 (08:10)	11,1	18 (15:20)	13 (15:20)	0	0	0	0	0
Tazacorte	Santa Cruz de Tenerife	19.9 (14:10)	15.3 (08:20)	17,6	16 (07:20)	10 (00:20)	0	0	0	0	0
La Palma Aeropuerto	Santa Cruz de Tenerife	20.2 (11:40)	14.9 (05:10)	17,6	32 (19:50)	16 (06:30)	0	0	0	0	0
San Andrés y Sauces	Santa Cruz de Tenerife	17.8 (13:50)	11.3 (07:10)	14,5	21 (14:50)	15 (00:20)	0	0	0	0	0
Vallehermoso, Alto Igualero	Santa Cruz de Tenerife	20.5 (15:20)	12.7 (07:30)	16,6	14 (14:20)	12 (23:00)	0	0	0	0	0
Vallehermoso, Chipude C.F.	Santa Cruz de Tenerife	19.8 (13:40)	12.1 (08:40)	15,9	12 (16:10)	8 (14:10)	0	0	0	0	0
Agulo	Santa Cruz de Tenerife	18.4 (13:40)	9.4 (04:30)	13,9	15 (03:30)	10 (05:40)	0	0	0	0	0
Vallehermoso, Dama	Santa Cruz de Tenerife							0	0		
Hermigua	Santa Cruz de Tenerife										
San Sebastián de la Gomera	Santa Cruz de Tenerife	21.3 (14:30)	13.7 (07:50)	17,5	19 (15:30)	11 (00:40)	0	0	0	0	0
La Orotava, Cañadas Teide	Santa Cruz de Tenerife	16.4 (13:10)	3.6 (04:40)	10	27 (15:50)	18 (14:10)	0	0	0	0	0
Adeje	Santa Cruz de Tenerife							0	0		
Arico	Santa Cruz de Tenerife	18.5 (14:20)	10.0 (06:40)	14,3	20 (11:00)	13 (11:10)	0	0	0	0	0
Tenerife Sur Aeropuerto	Santa Cruz de Tenerife	20.8 (14:00)	13.7 (06:00)	17,2	32 (11:50)	23 (13:10)	0	0	0	0	0
Izaña	Santa Cruz de Tenerife	14.3 (13:50)	6.6 (22:00)	10,5	35 (23:30)	31 (04:20)	0	0	0	0	0
Candelaria	Santa Cruz de Tenerife	17.0 (15:00)	9.8 (07:50)	13,4	17 (15:20)	9 (00:10)	0	0	0	0	0
San Cristóbal de La Laguna,Llano de los Loros	Santa Cruz de Tenerife	19.2 (16:40)	7.1 (02:40)	13,2	16 (05:10)	10 (05:10)	0	0	0	0	0
Tenerife Norte Aeropuerto	Santa Cruz de Tenerife	16.8 (14:50)	7.4 (05:10)	12,1	24 (19:30)	18 (19:30)	0	0	0	0	0
Sta.Cruz de Tenerife	Santa Cruz de Tenerife	19.9 (13:00)	13.8 (06:00)	16,8	21 (00:10)	9 (07:30)	0	0	0	0	0
Anaga	Santa Cruz de Tenerife	20.3 (14:00)	12.5 (06:50)	16,4	14 (14:40)	8 (15:10)	0	0	0	0	0
La Victoria de Acentejo	Santa Cruz de Tenerife	19.2 (16:40)	7.5 (03:10)	13,4	15 (05:20)	10 (05:20)	0	0	0	0	0
Tacoronte	Santa Cruz de Tenerife							0	0		
Puerto de la Cruz	Santa Cruz de Tenerife	19.6 (16:10)	13.3 (07:30)	16,5	14 (06:20)	9 (07:30)	0	0	0	0	0
San Juan de la Rambla	Santa Cruz de Tenerife	16.3 (16:20)	11.7 (08:50)	14	15 (00:10)	10 (00:10)	0	0	0	0	0
Los Silos	Santa Cruz de Tenerife							0	0	0	
El Pinar, Depósito	Santa Cruz de Tenerife	19.5 (13:50)	7.6 (00:00)	13,5	14 (14:00)	9 (14:00)	0	0	0	0	0
Valverde	Santa Cruz de Tenerife	19.7 (10:30)	7.0 (04:00)	13,4	17 (15:30)	13 (04:40)	0	0	0	0	0
Hierro Aeropuerto	Santa Cruz de Tenerife	20.2 (11:30)	17.0 (04:30)	18,6	22 (01:30)	15 (13:00)	0	0	0	0	0
Frontera, Sabinosa	Santa Cruz de Tenerife	20.4 (11:20)	14.5 (04:50)	17,4	16 (01:00)	12 (05:50)	0	0	0	0	0
Vandellós	Tarragona	19.1 (13:50)	11.2 (23:00)	15,2	37 (06:10)	13 (04:10)	0	0	0	0	0
Alforja	Tarragona	17.3 (14:00)	8.2 (23:59)	12,7	55 (04:50)	34 (00:50)	0	0	0	0	0
Reus Aeropuerto	Tarragona	18.3 (14:00)	5.7 (23:59)	12	17 (03:30)	12 (07:10)	0	0	0	0	0
Valls	Tarragona	17.8 (14:20)	7.4 (23:50)	12,6			0	0	0	0	0
Tarragona	Tarragona	17.2 (12:40)	9.6 (05:10)	13,4	13 (08:00)	6 (15:00)	0	0	0	0	0
Llorac	Tarragona	12.1 (13:20)	2.4 (23:40)	7,3	34 (00:40)	27 (00:40)	0	0	0	0	0
Horta de Sant Joan	Tarragona	14.2 (15:30)	4.4 (07:10)	9,3			0	0	0	0	0
La Pobla de Massaluca	Tarragona	13.6 (13:40)	6.7 (08:00)	10,2	16 (02:40)	10 (02:30)	0	0	0	0	0
Cabacés	Tarragona	16.2 (13:50)	7.0 (23:59)	11,6	26 (04:30)	9 (07:10)	0	0	0	0	0
Rasquera	Tarragona	16.1 (14:10)	5.7 (08:00)	10,9	22 (14:50)	14 (03:20)	0	0	0	0	0
Tortosa	Tarragona	18.8 (14:20)	8.0 (23:59)	13,4	47 (00:40)	23 (00:40)	0	0	0	0	0
Sant Jaume d'Enveja	Tarragona	16.1 (14:30)	9.5 (08:30)	12,8	18 (05:30)	11 (11:50)	0	0	0	0	0
Albarracín	Teruel	14.3 (16:00)	1.3 (05:50)	7,8	26 (03:40)	14 (03:40)	0	0	0	0	0
Teruel	Teruel	16.0 (15:30)	-1.7 (08:10)	7,1	30 (15:40)	18 (15:40)	0	0	0	0	0
Jabaloyas	Teruel	11.0 (14:40)	2.2 (02:00)	6,6	43 (15:40)	28 (07:30)	0	0	0	0	0
Cedrillas	Teruel	12.6 (15:40)	0.3 (22:50)	6,5	24 (16:30)	18 (05:10)	0	0	0	0	0
Mosqueruela	Teruel	14.8 (13:50)	4.7 (23:10)	9,8	38 (21:20)	33 (21:20)		0		0	0
Teruel, Santa Eulalia del Campo	Teruel	11.8 (15:50)	-0.6 (06:30)	5,6	17 (14:30)	12 (14:40)	0	0	0	0	0
Calamocha	Teruel	14.3 (16:30)	1.2 (08:40)	7,8	22 (05:50)	16 (06:40)	0	0	0	0	0
Fonfría	Teruel	9.6 (15:10)	2.5 (08:10)	6,1	60 (02:20)	44 (02:20)	0	0	0	0	0
Muniesa	Teruel	15.1 (14:50)	5.2 (03:30)	10,2	30 (06:20)	19 (05:10)	0	0	0	0	0
Montalbán	Teruel	13.8 (14:30)	4.0 (08:40)	8,9	27 (05:20)	12 (00:20)	0	0	0	0	0
Hijar	Teruel	15.2 (15:30)	5.4 (08:40)	10,3	21 (02:00)	14 (01:30)	0	0	0	0	0
Andorra	Teruel	13.2 (13:10)	5.8 (03:50)	9,5	38 (04:50)	28 (04:50)	0	0	0	0	0
Castellote	Teruel	16.3 (13:50)	4.9 (06:40)	10,6	25 (15:40)	14 (15:50)	0	0	0	0	0
Calanda	Teruel	15.3 (13:20)	4.5 (07:10)	9,9			0	0	0	0	0
Alcañiz	Teruel	13.9 (15:00)	2.8 (08:30)	8,3	15 (14:20)	9 (14:20)	0	0	0	0	0
Valderrobres	Teruel	13.5 (14:10)	1.0 (08:40)	7,3	13 (14:50)	6 (14:00)	0	0	0	0	0
Bello	Teruel	10.9 (16:10)	3.2 (23:59)	7	35 (04:30)	21 (04:20)	0	0	0	0	0
Ocaña	Toledo	13.2 (15:50)	2.5 (08:30)	7,8	22 (16:50)	13 (16:50)	0	0	0	0	0
Tembleque	Toledo	13.6 (15:00)	3.5 (08:30)	8,6			0	0	0	0	0
Mora	Toledo	12.9 (13:10)	4.0 (08:00)	8,4	26 (14:00)	17 (14:00)	0	0	0	0	0
Toledo	Toledo	15.4 (16:20)	6.7 (08:00)	11	28 (02:00)	18 (16:50)	0	0	0	0	0
San Pablo de los Montes	Toledo				38 (21:20)	24 (21:20)	0	0	0	0	0
Navahermosa	Toledo	12.1 (15:00)	6.3 (08:40)	9,2			0	0	0	0	0
Castillo de Bayuela	Toledo	13.1 (14:20)	7.8 (03:30)	10,5			0	0	0	0	0
Talavera de la Reina	Toledo									0	0
Oropesa	Toledo	14.6 (14:30)	6.5 (03:50)	10,6			0	0	0	0	0
Quintanar de la Orden	Toledo	13.1 (15:00)	4.2 (08:30)	8,7	21 (14:20)	6 (16:50)	0,1	0	0,1	0	0
Madridejos	Toledo										
Puerto del Rey	Toledo	10.5 (15:50)	4.8 (09:00)	7,7			0,2	0	0,2	0	0
Oliva	València/Valencia	18.6 (12:00)	10.8 (21:20)	14,7	50 (01:40)	22 (00:20)	0	0	0	0	0
Barx	València/Valencia	18.1 (15:40)	9.0 (19:10)	13,6	36 (04:50)	17 (04:50)	0	0	0	0	0
Jalance	València/Valencia	15.6 (16:00)	3.7 (23:59)	9,7	32 (13:00)	14 (11:30)	0	0	0	0	0
Bicorp	València/Valencia	19.1 (14:20)	6.1 (08:50)	12,6	36 (14:40)	16 (03:30)	0	0	0	0	0
Carcaixent	València/Valencia	22.1 (16:00)	6.8 (21:30)	14,5	26 (16:00)	14 (15:30)	0	0	0	0	0
Utiel	València/Valencia	14.1 (16:00)	3.1 (08:40)	8,6	55 (09:30)	22 (14:40)	0	0	0	0	0
Buñol	València/Valencia	13.3 (15:50)	6.3 (09:00)	9,8	56 (00:20)	31 (00:20)	0	0	0	0	0
Polinyà de Xúquer	València/Valencia	20.4 (15:00)	11.3 (08:40)	15,8	37 (02:00)	20 (02:10)	0	0	0	0	0
Turís	València/Valencia	18.1 (14:10)	8.7 (20:20)	13,4			0	0	0	0	0
Chelva	València/Valencia										
Lliria	València/Valencia	20.5 (15:00)	10.6 (06:50)	15,6	55 (00:10)	34 (02:20)	0	0	0	0	0
Valencia Aeropuerto	València/Valencia							0	0	0	
Valencia	València/Valencia	21.9 (15:10)	11.0 (23:50)	16,4	31 (00:40)	12 (00:50)	0	0	0	0	0
Peñafiel	Valladolid	12.0 (15:20)	5.2 (08:30)	8,6			0	0	0	0	0
Sardón de Duero	Valladolid	12.2 (13:00)	7.6 (06:10)	9,9	46 (11:10)	30 (11:00)	0	0	0	0	0
Valladolid	Valladolid	11.0 (15:40)	7.5 (03:10)	9,3	50 (12:20)	19 (12:20)	0	0	0	0	0
Olmedo, Depósito de Agua	Valladolid	11.6 (13:30)	4.7 (07:10)	8,2	52 (14:00)	39 (14:00)	0	0	0	0	0
Olmedo	Valladolid	12.0 (15:40)	5.8 (07:10)	8,9	48 (14:30)	23 (13:50)	0	0	0	0	0
Rueda	Valladolid	11.2 (12:40)	7.3 (08:30)	9,3			0,2	0	0	0,2	0
Fuente el Sol	Valladolid	12.8 (15:20)	5.1 (08:30)	9	53 (13:50)	42 (14:00)	0	0	0	0	0
Villalón de Campos	Valladolid	10.1 (15:10)	7.5 (01:20)	8,8	58 (13:10)	39 (11:40)	0	0	0	0	0
Medina de Rioseco	Valladolid	10.5 (15:30)	7.8 (07:00)	9,2	48 (13:50)	31 (13:30)	0	0	0	0	0
Morales del Toro	Zamora	11.4 (11:40)	7.7 (09:10)	9,5	50 (13:10)	36 (13:10)	0,2	0	0	0,2	0
Fuentesauco	Zamora	10.3 (15:10)	6.9 (06:30)	8,6	79 (12:20)	60 (12:10)	0	0	0	0	0
Villafáfila	Zamora							0	0	0	
Zamora	Zamora	12.2 (14:50)	9.0 (01:40)	10,6	36 (00:40)	17 (00:40)	0	0	0	0	0
Benavente	Zamora							0	0	0	
Puebla de Sanabria	Zamora	9.2 (16:10)	6.5 (07:10)	7,8			16,8	1,2	9,2	4,4	2
Villardeciervos	Zamora	9.0 (14:10)	7.5 (09:20)	8,3	64 (12:40)	32 (15:00)	9,8	0	0,2	4,4	5,2
Santibañez de Vidriales	Zamora	10.1 (16:00)	8.2 (09:50)	9,2	44 (06:50)	29 (06:50)	1,8	0,2	0	0	1,6
Pozuelo de Tabara	Zamora	10.2 (12:50)	8.4 (03:40)	9,3	59 (16:20)	42 (14:00)	0,4	0	0	0,4	0
Villadepera	Zamora	9.9 (14:40)	7.7 (01:50)	8,8	61 (13:30)	45 (13:40)	1,8	0,2	0	0,8	0,8
Fresno de Sayago	Zamora	10.3 (14:10)	7.4 (07:50)	8,9	75 (15:10)	47 (12:30)	0,2	0	0	0,2	0
Alcañices	Zamora	8.4 (15:20)	7.3 (03:10)	7,8	55 (11:30)	34 (11:30)	9,8	0	0,2	5,6	4
Sos del Rey Católico	Zaragoza										
Tarazona	Zaragoza										
Ejea de los Caballeros	Zaragoza	12.7 (15:00)	4.5 (00:00)	8,6	18 (10:20)	6 (10:10)	0	0	0	0	0
Castejon de Valdejasa	Zaragoza	12.4 (14:00)	6.3 (00:30)	9,3	28 (05:10)	20 (05:00)	0	0	0	0	0
Alhama de Aragon	Zaragoza	12.5 (14:20)	5.4 (23:59)	9			0	0	0	0	0
Daroca	Zaragoza	12.1 (14:40)	6.2 (08:20)	9,2	44 (06:00)	18 (05:00)	0	0	0	0	0
Calatayud	Zaragoza	14.5 (14:10)	7.1 (04:40)	10,8	30 (15:20)	18 (13:20)	0	0	0	0	0
La Almunia de Doña Godina	Zaragoza	15.1 (16:30)	10.2 (05:00)	12,7	41 (00:30)	21 (23:20)	0	0	0	0	0
Zaragoza, Valdespartera	Zaragoza	15.6 (13:50)	7.6 (06:50)	11,6	44 (02:20)	21 (02:40)	0	0	0	0	0
Zaragoza, Canal	Zaragoza	15.4 (14:30)	5.0 (08:10)	10,2	28 (15:10)	13 (15:10)	0	0	0	0	0
Leciñena	Zaragoza	14.4 (14:10)	4.2 (00:00)	9,3	22 (13:50)	11 (15:20)	0	0	0	0	0
Valmadrid	Zaragoza	13.7 (15:30)	7.7 (08:20)	10,7	41 (23:50)	27 (23:50)	0	0	0	0	0
Quinto	Zaragoza	14.3 (15:50)	3.5 (08:00)	8,9	19 (11:40)	12 (11:40)	0	0	0	0	0
Caspe	Zaragoza	14.6 (15:50)	3.7 (08:20)	9,2			0	0	0	0	0
Bujaraloz	Zaragoza									0	0
